Chain,Number,Type,CX,RASA,Surface,Hydrophobicity
A,1,VAL,3.7426963891354257,0.9236050573682313,True,4.2
A,2,MET,1.8616785041436734,0.43647936322138164,True,1.9
A,3,SER,1.0552813356815343,0.007791149780902686,False,-0.8
A,4,ASP,1.246315507139725,0.43050282648261656,True,-3.5
A,5,LEU,0.3903046058675055,0.0,False,3.8
A,6,GLU,1.0107560612063768,0.2980549260780196,True,-3.5
A,7,LYS,1.4760439709958677,0.4225818045250041,True,-3.9
A,8,LYS,0.7313088975461657,0.28161183299445797,True,-3.9
A,9,PHE,0.4331076686126296,0.04025427386799721,False,2.8
A,10,ILE,1.350824925849219,0.47469114157983505,True,4.5
A,11,GLU,1.8049787099050425,0.5534777354538539,True,-3.5
A,12,LEU,0.543694842641293,0.077427848838516,False,3.8
A,13,GLU,0.7453250359646495,0.36043641845945684,True,-3.5
A,14,ALA,1.2052513225082873,0.47869436012063454,True,1.8
A,15,LYS,0.9790465735454406,0.37509301074734275,True,-3.9
A,16,LEU,0.4003427324360101,0.01802430173193905,False,3.8
A,17,VAL,0.9415259277433786,0.23049525862940684,False,4.2
A,18,ALA,1.511972695673315,0.6672754485871804,True,1.8
A,19,GLN,1.0255417245098575,0.17370315378513276,False,-3.5
A,20,PRO,1.1165796642534254,0.5308038108856411,True,-1.6
A,21,ALA,0.3717423962498946,0.1355199294954541,False,1.8
A,22,GLY,0.4448038937924568,0.11987399254399908,False,-0.4
A,23,GLN,1.4612278986843095,0.5020762688712819,True,-3.5
A,24,ALA,0.42301263758778374,0.0,False,1.8
A,25,MET,1.241174834393681,0.5666454765363869,True,1.9
A,26,PRO,0.7278261577372163,0.2909596903266586,True,-1.6
A,27,GLY,0.8201653127898383,0.1970566408573931,False,-0.4
A,28,LYS,2.338470966538198,0.8226396676597639,True,-3.9
A,29,SER,1.0412922894956105,0.15613585770967187,False,-0.8
A,30,ASN,1.6013755664429166,0.42785972223477486,True,-3.5
A,31,ILE,0.408030397332932,0.04291064727045388,False,4.5
A,32,PHE,0.5044422427631184,0.04804835580204325,False,2.8
A,33,ALA,0.8281523265562001,0.4670502052474082,True,1.8
A,34,ASN,0.9883605816303984,0.2209213064052702,False,-3.5
A,35,ASN,0.3254967324693713,0.010989323323720209,False,-3.5
A,36,GLU,0.857044692816384,0.2915787934480437,True,-3.5
A,37,ALA,0.7331011088148134,0.3691804859047339,True,1.8
A,38,TRP,0.40821558507464195,0.04540979275951983,False,-0.9
A,39,ARG,0.5212044750041354,0.09977996375133279,False,-4.5
A,40,GLN,1.2300536220602138,0.4190716489775232,True,-3.5
A,41,GLU,1.4895317164338093,0.3275742886255906,True,-3.5
A,42,MET,0.6348371794720586,0.13699947003564472,False,1.9
A,43,LEU,0.7744471524856423,0.25961421473590024,True,3.8
A,44,LYS,2.442979732009682,0.669985900061185,True,-3.9
A,45,GLN,1.8910231815226917,0.5658285387774095,True,-3.5
A,46,ASP,1.5303227648333546,0.19863199743944682,False,-3.5
A,47,PRO,1.677062855982633,0.5686669968507023,True,-1.6
A,48,GLU,1.9642578211108028,0.42069639191313907,True,-3.5
A,49,PHE,0.6142639607719893,0.1800094891395108,False,2.8
A,50,PHE,0.48141806930759307,0.03474732374564211,False,2.8
A,51,ASN,1.552499854887365,0.4090581762932756,True,-3.5
A,52,ARG,1.3613974437971696,0.4802235319890705,True,-4.5
A,53,LEU,0.5423560279989147,0.11891719062435732,False,3.8
A,54,ALA,1.094502115400042,0.31062314711633404,True,1.8
A,55,ASN,2.1858136744502135,0.6399696184511089,True,-3.5
A,56,GLY,1.284860490498404,0.3390577162740318,True,-0.4
A,57,GLN,2.201695437346446,0.5777244237063224,True,-3.5
A,58,SER,1.2972359161972231,0.56143957664811,True,-0.8
A,59,PRO,0.5056482953699406,0.08857252211665037,False,-1.6
A,60,GLU,0.9710293207745941,0.44412850310252666,True,-3.5
A,61,TYR,0.41811286959489635,0.07087910835267179,False,-1.3
A,62,LEU,0.0444022588184651,0.0,False,3.8
A,63,TRP,0.23053388099271022,0.004237291986104969,False,-0.9
A,64,ILE,0.10690058369125942,0.006130092467207697,False,4.5
A,65,GLY,0.08032064956862156,0.01161180976961458,False,-0.4
A,66,CYS,0.17327458997428605,0.0,False,2.5
A,67,ALA,0.12257139331047082,0.016611767814925897,False,1.8
A,68,ASP,0.4375087532619314,0.1876215127950396,False,-3.5
A,69,SER,0.3097168529637236,0.1539778470450718,False,-0.8
A,70,ARG,0.5599786184752866,0.26334457747049533,True,-4.5
A,71,VAL,0.27466196401306076,0.03313679710485742,False,4.2
A,72,PRO,0.3576098079786076,0.10633204417961527,False,-1.6
A,73,ALA,0.1023792025668194,0.025432288435223424,False,1.8
A,74,ASN,0.5099898193753827,0.10693001860340998,False,-3.5
A,75,GLN,0.509922450432831,0.21754878467364175,False,-3.5
A,76,LEU,0.1202342377604517,0.0,False,3.8
A,77,LEU,0.17675178658803484,0.028685585553458657,False,3.8
A,78,ASP,0.803122517362559,0.29150541978844685,True,-3.5
A,79,LEU,0.6558969516640257,0.2302511705158884,False,3.8
A,80,PRO,0.8426480059520277,0.4329233227312908,True,-1.6
A,81,ALA,0.39638229910005635,0.15809575525219027,False,1.8
A,82,GLY,0.33146964304938603,0.020817763719012766,False,-0.4
A,83,GLU,0.7717415135200176,0.1285872187331565,False,-3.5
A,84,VAL,0.2493082050164482,0.0130982025293255,False,4.2
A,85,PHE,0.18380100121329992,0.010063568466999302,False,2.8
A,86,VAL,0.21618233449176283,0.06940392046206416,False,4.2
A,87,HIS,0.11428061169839028,0.0,False,-3.2
A,88,ARG,0.13970742909236702,0.08947118289424305,False,-4.5
A,89,ASN,0.17992591705225391,0.0,False,-3.5
A,90,ILE,0.12529374188605175,0.0,False,4.5
A,91,ALA,0.0266552653771287,0.0,False,1.8
A,92,ASN,0.1699575306209889,0.022092130640527015,False,-3.5
A,93,GLN,0.1816614167409946,0.00972078580190762,False,-3.5
A,94,CYS,0.1270021711421151,0.0,False,2.5
A,95,ILE,0.48530127802646184,0.10421157194253085,False,4.5
A,96,HIS,1.1283919749153297,0.5078058023291402,True,-3.2
A,97,SER,1.674552996712272,0.678778913529956,True,-0.8
A,98,ASP,0.5759921834825138,0.0708524530601856,False,-3.5
A,99,ILE,0.5266309530690279,0.3181859259936566,True,4.5
A,100,SER,0.17343492732611587,0.0,False,-0.8
A,101,PHE,0.18535327023692647,0.0044644126002613355,False,2.8
A,102,LEU,0.2968964405926899,0.07810530750506922,False,3.8
A,103,SER,0.12534785783380417,0.0,False,-0.8
A,104,VAL,0.06215508053852166,0.0,False,4.2
A,105,LEU,0.042577075541526045,0.011448838899276236,False,3.8
A,106,GLN,0.3277612363738139,0.053464321910491906,False,-3.5
A,107,TYR,0.3769336455702797,0.05347960648210099,False,-1.3
A,108,ALA,0.12166620893863958,0.0,False,1.8
A,109,VAL,0.29703367419623444,0.013880784092412831,False,4.2
A,110,GLN,0.7051218416341378,0.24641234171142315,False,-3.5
A,111,TYR,0.7763747811659107,0.29825912740429666,True,-1.3
A,112,LEU,0.6117401469883068,0.2361702436715355,False,3.8
A,113,LYS,1.1006640403565948,0.4135268292926953,True,-3.9
A,114,VAL,0.3441211667388622,0.0,False,4.2
A,115,LYS,0.856504200831891,0.31010730305117895,True,-3.9
A,116,HIS,0.5972659260599813,0.16386350931583513,False,-3.2
A,117,ILE,0.10813285518425236,0.0054388782947346215,False,4.5
A,118,LEU,0.11426929733147353,0.030040502886565082,False,3.8
A,119,VAL,0.10445043786469466,0.0,False,4.2
A,120,CYS,0.08365760300881087,0.04236386901149281,False,2.5
A,121,GLY,0.04739551555486676,0.0,False,-0.4
A,122,HIS,0.37483545727598955,0.06062151824052019,False,-3.2
A,123,TYR,0.49921198419239277,0.16212816012858922,False,-1.3
A,124,GLY,0.7117961978630973,0.4930554465603499,True,-0.4
A,125,CYS,0.4452741546799388,0.0380527761657571,False,2.5
A,126,GLY,0.5537688018034708,0.17835860636614673,False,-0.4
A,127,GLY,0.2108604082258313,0.03483542930884374,False,-0.4
A,128,ALA,0.27037133879015685,0.028084377117207356,False,1.8
A,129,LYS,1.434234404233682,0.5007766846408513,True,-3.9
A,130,ALA,0.5673438711550595,0.05616875423441471,False,1.8
A,131,ALA,0.4315016217334177,0.05194645370799003,False,1.8
A,132,LEU,0.8437339090473827,0.36012992495211743,True,3.8
A,133,GLY,1.7902099267583966,0.5980606435663686,True,-0.4
A,134,ASP,1.6148519324348067,0.3818567780662179,True,-3.5
A,135,SER,1.9878319222408385,0.47891078890857347,True,-0.8
A,136,ARG,4.05054335475969,0.8044857006953298,True,-4.5
A,137,LEU,0.7955420524210762,0.11347645230239409,False,3.8
A,138,GLY,1.0693554787392612,0.4515593575039491,True,-0.4
A,139,LEU,0.68520505011875,0.29586613082285246,True,3.8
A,140,ILE,0.3047139873917769,0.012260184934415394,False,4.5
A,141,ASP,0.8286954109315442,0.08821279639782993,False,-3.5
A,142,ASN,1.4295974770945115,0.4788652028140818,True,-3.5
A,143,TRP,0.3450999681604322,0.03389833588883975,False,-0.9
A,144,LEU,0.2506018285789306,0.012016201154626033,False,3.8
A,145,ARG,1.0113165557884378,0.35873268641744255,True,-4.5
A,146,HIS,0.6550156180951793,0.29600287941650766,True,-3.2
A,147,ILE,0.2375849171657712,0.01156897076194232,False,4.5
A,148,ARG,0.9581039200602365,0.3796825231502389,True,-4.5
A,149,ASP,1.139134411271587,0.3727555353157218,True,-3.5
A,150,VAL,0.4554653471745264,0.013880784092412831,False,4.2
A,151,ARG,0.9462034688783713,0.4047851784697492,True,-4.5
A,152,ARG,2.6516342773144532,0.7275441524195989,True,-4.5
A,153,MET,1.0937592203535227,0.44616876426334723,True,1.9
A,154,ASN,0.7498600343739243,0.05494661661860105,False,-3.5
A,155,ALA,0.9909838225843206,0.2986826596895505,True,1.8
A,156,LYS,1.8016921043327956,0.5801722388710342,True,-3.9
A,157,TYR,0.9028402603591467,0.2573831606205062,True,-1.3
A,158,LEU,0.46314822652901994,0.0,False,3.8
A,159,ASP,1.960610361045097,0.5867239742058868,True,-3.5
A,160,LYS,2.118263286191386,0.7139984949439826,True,-3.9
A,161,CYS,0.9876014744014419,0.13955059914065382,False,2.5
A,162,LYS,2.292830246801672,0.6422945179817835,True,-3.9
A,163,ASP,2.303403520877554,0.3028867751427991,True,-3.5
A,164,GLY,1.327156178692819,0.4885959557885792,True,-0.4
A,165,ASP,1.9877681864585584,0.6312733858020044,True,-3.5
A,166,GLU,0.8443730544878493,0.13226995424329202,False,-3.5
A,167,GLU,0.6809240300808767,0.21865620112435516,False,-3.5
A,168,LEU,0.4812011048398815,0.13217821270088637,False,3.8
A,169,ASN,0.5417266436090509,0.16138790006950182,False,-3.5
A,170,ARG,0.22792225782154363,0.02793838985037318,False,-4.5
A,171,LEU,0.14571185342027737,0.01802430173193905,False,3.8
A,172,ILE,0.18896258819074882,0.018390277401623092,False,4.5
A,173,GLU,0.16302621478342105,0.0,False,-3.5
A,174,LEU,0.13479491686509112,0.0060081005773130166,False,3.8
A,175,ASN,0.21874489062385266,0.03423369348519463,False,-3.5
A,176,VAL,0.1323181183845775,0.0,False,4.2
A,177,LEU,0.17993788719242934,0.01802430173193905,False,3.8
A,178,GLU,0.4135427068598438,0.20065845353558162,False,-3.5
A,179,GLN,0.20809899755159758,0.00972078580190762,False,-3.5
A,180,VAL,0.12572662505403812,0.0,False,4.2
A,181,HIS,0.520943525222631,0.14352590437400226,False,-3.2
A,182,ASN,0.5020128182132235,0.10587386348546778,False,-3.5
A,183,VAL,0.1167761857482794,0.0,False,4.2
A,184,CYS,0.14069672291872043,0.0,False,2.5
A,185,ALA,0.37081741108970556,0.21398054847621073,False,1.8
A,186,THR,0.46057389171180396,0.05616875423441471,False,-0.7
A,187,SER,0.970192693100477,0.42902351366994956,True,-0.8
A,188,ILE,0.39434248648829723,0.01156897076194232,False,4.5
A,189,VAL,0.2395934877371879,0.0,False,4.2
A,190,GLN,0.6022830634657665,0.10908078837766697,False,-3.5
A,191,ASP,1.3580187555349588,0.4679310125841068,True,-3.5
A,192,ALA,0.5962740391007522,0.04592326563468428,False,1.8
A,193,TRP,0.5620088040672375,0.04278791873902285,False,-0.9
A,194,ASP,1.7952192087979535,0.6185297837844728,True,-3.5
A,195,ALA,2.020497518570609,0.6508352263431992,True,1.8
A,196,GLY,1.868318694315831,0.5104034420239594,True,-0.4
A,197,GLN,0.9698738950516006,0.17098730976795748,False,-3.5
A,198,GLU,1.6338288952916864,0.5999720669953528,True,-3.5
A,199,LEU,0.3337744809917963,0.01632221496588966,False,3.8
A,200,THR,0.4893639680273906,0.18481945744892186,False,-0.7
A,201,VAL,0.18067902006387374,0.0,False,4.2
A,202,GLN,0.2978780242188076,0.04943599029581685,False,-3.5
A,203,GLY,0.14005900932118764,0.0,False,-0.4
A,204,VAL,0.1582483087161808,0.0,False,4.2
A,205,VAL,0.15969444039465547,0.0,False,4.2
A,206,TYR,0.2883081818848791,0.025479439271219446,False,-1.3
A,207,GLY,0.34425064313577736,0.1592757267748356,False,-0.4
A,208,VAL,0.5409934354371987,0.15072242133851857,False,4.2
A,209,GLY,0.6686847366374722,0.5213442801010593,True,-0.4
A,210,ASP,0.7491492013318855,0.22154394193803786,False,-3.5
A,211,GLY,0.15756868101225915,0.01161180976961458,False,-0.4
A,212,LYS,0.4740868762909517,0.193370352561763,False,-3.9
A,213,LEU,0.0706986641450202,0.0,False,3.8
A,214,ARG,0.4348342398365523,0.14809055005024008,False,-4.5
A,215,ASP,0.5008384310778882,0.21448854338999668,False,-3.5
A,216,LEU,0.1445768472613739,0.03469368613077167,False,3.8
A,217,GLY,0.293418064865287,0.06967085861768749,False,-0.4
A,218,VAL,0.6580275170798979,0.34184456867386953,True,4.2
A,219,VAL,0.427738674853716,0.013880784092412831,False,4.2
A,220,VAL,1.0678936925884608,0.5426662208310071,True,4.2
A,221,ASN,0.9294697093796616,0.4138545344065347,True,-3.5
A,222,SER,0.5450118440780606,0.048388472054445436,False,-0.8
A,223,SER,0.7073937622400038,0.21378696100728203,False,-0.8
A,224,ASP,0.7274503545158939,0.21862906484133515,False,-3.5
A,225,ASP,1.305048265496418,0.29594603658777285,True,-3.5
A,226,ILE,1.1700144314892165,0.38445917853065376,True,4.5
A,227,SER,1.0631053410456515,0.4008018774708629,True,-0.8
A,228,LYS,1.113772763927224,0.44645056056031707,True,-3.9
A,229,PHE,1.0480556258001295,0.09560390043649337,False,2.8
A,230,TYR,1.1271231455864033,0.26048968211048024,True,-1.3
A,231,ARG,0.8739273678531908,0.23792193832698375,False,-4.5
A,232,THR,1.624599170332347,0.33690848754744845,True,-0.7
A,233,LYS,3.4590806500534663,0.7881329464260647,True,-3.9
A,234,SER,2.638508666951221,0.6281558975602011,True,-0.8
A,235,ASP,1.5200588959443702,0.22347512614747778,False,-3.5
A,236,SER,1.514212541834368,0.4632622524126266,True,-0.8
A,237,GLY,1.4217891954691677,0.443032470889673,True,-0.4
A,238,ALA,1.2344814862645024,0.09838435605550888,False,1.8
A,239,LEU,2.499959843929797,0.59290074655507,True,3.8
A,240,LYS,3.981027072283154,0.8088390238638757,True,-3.9
A,241,ALA,2.767714245647952,0.6527748310354667,True,1.8
A,242,GLY,2.789845541314202,0.547857509640057,True,-0.4
A,243,ASN,2.261299976035974,0.3360609671525042,True,-3.5
A,244,PRO,2.589974721326672,0.531322588600815,True,-1.6
A,245,ASN,3.4821617774618008,0.6795058047921532,True,-3.5
A,246,ALA,1.1978390650317698,0.11114321619183685,False,1.8
A,247,PRO,1.734021170162164,0.43206691271885556,True,-1.6
A,248,LEU,1.642783916337207,0.6299102084765207,True,3.8
A,249,VAL,1.437782112911865,0.3192580341254951,True,4.2
A,250,GLN,2.111419815433608,0.4566004166856061,True,-3.5
A,251,VAL,1.5213564112719875,0.4508169569386783,True,4.2
A,252,THR,1.8459319817113982,0.28607342703588656,True,-0.7
A,253,LYS,3.5542337856091653,0.6426337034937051,True,-3.9
A,254,GLY,2.0052436526087654,0.7297266041356169,True,-0.4
A,255,GLY,1.1832544837922563,0.30836302691310613,True,-0.4
A,256,GLU,1.5267813038846423,0.36560012610464154,True,-3.5
A,257,SER,0.8389776304747457,0.007791149780902686,False,-0.8
A,258,GLU,1.1294790715846974,0.4515552281356129,True,-3.5
A,259,LEU,0.44902058767312386,0.0,False,3.8
A,260,ASP,1.003988370916595,0.30472524167475273,True,-3.5
A,261,SER,1.1926180760797813,0.27333785632170693,True,-0.8
A,262,THR,0.7424640062423213,0.21213677453659346,False,-0.7
A,263,MET,0.409612259302352,0.06469436871642409,False,1.9
A,264,GLU,1.5646510765901638,0.5001141073013193,True,-3.5
A,265,LYS,1.7598251108691956,0.5176785596118306,True,-3.9
A,266,LEU,0.5323876498553786,0.07675039017196279,False,3.8
A,267,THR,0.628737708256976,0.14881826684466826,False,-0.7
A,268,ALA,1.0002774825311598,0.3891305246854232,True,1.8
A,269,GLU,1.2557788677337658,0.31735416647266407,True,-3.5
A,270,LEU,0.3108013369011112,0.0354812412085283,False,3.8
A,271,VAL,0.7466914038683006,0.23508790598635124,False,4.2
A,272,GLN,2.0191100024920607,0.6686304981897098,True,-3.5
A,273,GLN,0.9587476246142261,0.19383319494700676,False,-3.5
A,274,THR,1.3210566391058813,0.39317572705853854,True,-0.7
A,275,PRO,0.47815435538929524,0.10033717409256891,False,-1.6
A,276,GLY,0.5067748218049364,0.20997776978063454,False,-0.4
A,277,LYS,1.6026495128688245,0.6167706218440269,True,-3.9
A,278,LEU,0.41224665467195254,0.015991925732279408,False,3.8
A,279,LYS,1.567798513462656,0.546451661263396,True,-3.9
A,280,GLU,1.0410360493532567,0.29561242936093984,True,-3.5
A,281,GLY,0.8124970235655571,0.17531440308481822,False,-0.4
A,282,ALA,1.7574759486161224,0.8166630986585224,True,1.8
A,283,ASN,1.2009589618274816,0.3455054002057729,True,-3.5
A,284,ARG,1.4363250394754343,0.45883877959008446,True,-4.5
A,285,VAL,0.38778330188073573,0.0416423522772385,False,4.2
A,286,PHE,0.5073356416880135,0.042449199935305285,False,2.8
A,287,VAL,1.1498016811625182,0.4303043068647978,True,4.2
A,288,ASN,0.8430320692799942,0.2517378492843263,True,-3.5
A,289,ASN,0.2757198101931169,0.005608145654946704,False,-3.5
A,290,GLU,0.754343077817092,0.22248043509463708,False,-3.5
A,291,ASN,1.2350170875393858,0.41897394490897216,True,-3.5
A,292,TRP,0.4126980365171041,0.02118645993052485,False,-0.9
A,293,ARG,0.4862610461133378,0.11973595650159932,False,-4.5
A,294,GLN,1.149777438213026,0.3920689201003161,True,-3.5
A,295,LYS,1.1147108899792433,0.43185674449039707,True,-3.9
A,296,MET,0.6142026534805874,0.1308024541269636,False,1.9
A,297,LEU,0.8364782358306557,0.1902268424743569,False,3.8
A,298,LYS,2.261924640387876,0.7087876576783395,True,-3.9
A,299,GLN,1.9448832769735895,0.5926684633419904,True,-3.5
A,300,ASP,1.58616474563197,0.2977625608041977,True,-3.5
A,301,PRO,1.6572459278674647,0.6840819188698436,True,-1.6
A,302,GLN,2.1352053898851544,0.47492620627993837,True,-3.5
A,303,PHE,0.644906031104169,0.13472343103801396,False,2.8
A,304,PHE,0.455204069552181,0.030190705400997907,False,2.8
A,305,SER,1.273168510963878,0.26181335944131634,True,-0.8
A,306,ASN,1.5044674922165608,0.37316179086848567,True,-3.5
A,307,LEU,0.5274626847179928,0.1075784481362845,False,3.8
A,308,ALA,1.1246332987689207,0.29717810469622663,True,1.8
A,309,HIS,2.143562415376934,0.6093569433583982,True,-3.2
A,310,THR,1.192758114112254,0.12267860864032723,False,-0.7
A,311,GLN,2.206310320794283,0.5142822918269572,True,-3.5
A,312,THR,1.2781958289219741,0.4848605515432572,True,-0.7
A,313,PRO,0.5444720520287311,0.12654825218079868,False,-1.6
A,314,GLU,1.0596505738451258,0.44534975146106653,True,-3.5
A,315,ILE,0.2849733826086896,0.04291064727045388,False,4.5
A,316,LEU,0.08989116950724987,0.017346843065385836,False,3.8
A,317,TRP,0.23402388234011437,0.02038618053876829,False,-0.9
A,318,ILE,0.14579753631322834,0.012260184934415394,False,4.5
A,319,GLY,0.08674422881419269,0.01161180976961458,False,-0.4
A,320,CYS,0.16315141597754323,0.02803354115197312,False,2.5
A,321,ALA,0.09718898462633037,0.0,False,1.8
A,322,ASP,0.39668182544768893,0.1555375501839949,False,-3.5
A,323,SER,0.28847528140241085,0.11012469975538677,False,-0.8
A,324,ARG,0.5214441241100645,0.1726247834814497,False,-4.5
A,325,VAL,0.28907537508044895,0.05161022855421467,False,4.2
A,326,PRO,0.3792011471159408,0.11320995866209707,False,-1.6
A,327,ALA,0.14259015799875724,0.05263263599176947,False,1.8
A,328,ASN,0.5351489304958297,0.11265164825144329,False,-3.5
A,329,GLN,0.572671039378291,0.21752996304298824,False,-3.5
A,330,ILE,0.1711247552405533,0.006130092467207697,False,4.5
A,331,ILE,0.2487486050960363,0.023829155696357712,False,4.5
A,332,ASN,0.8011587235954164,0.3976018350831848,True,-3.5
A,333,LEU,0.7428941255617811,0.23761418842630777,False,3.8
A,334,PRO,1.009199473356701,0.42532817671846107,True,-1.6
A,335,ALA,0.41317387660816307,0.10669023996297183,False,1.8
A,336,GLY,0.33407142828003095,0.09467008215862828,False,-0.4
A,337,GLU,0.7990741262742745,0.19402183201094353,False,-3.5
A,338,VAL,0.2545526486324556,0.06248786673135797,False,4.2
A,339,PHE,0.22471939030458718,0.010063568466999302,False,2.8
A,340,VAL,0.2061536678102378,0.09716548864688981,False,4.2
A,341,HIS,0.12036410664558132,0.005391197393035341,False,-3.2
A,342,ARG,0.1522147679627863,0.06385917680085297,False,-4.5
A,343,ASN,0.1739733143653613,0.0,False,-3.5
A,344,ILE,0.0885508300852526,0.018390277401623092,False,4.5
A,345,ALA,0.01299939379412765,0.0,False,1.8
A,346,ASN,0.18595143964641647,0.010989323323720209,False,-3.5
A,347,GLN,0.19432698691109854,0.0,False,-3.5
A,348,CYS,0.15966850600806284,0.0,False,2.5
A,349,ILE,0.5117527141797442,0.12260184934415394,False,4.5
A,350,HIS,1.2123209734314353,0.5584655546646025,True,-3.2
A,351,SER,1.6640722648513513,0.6078955030487844,True,-0.8
A,352,ASP,0.5985868519647587,0.05137549015812889,False,-3.5
A,353,MET,0.6291483942783301,0.31595446116103065,True,1.9
A,354,SER,0.17519173086662918,0.006912638864920777,False,-0.8
A,355,PHE,0.22427829266819882,0.009496196833760987,False,2.8
A,356,LEU,0.35364650671995684,0.1081458103916343,False,3.8
A,357,SER,0.21822960202237704,0.0,False,-0.8
A,358,VAL,0.11757062683547086,0.013880784092412831,False,4.2
A,359,LEU,0.08855902907339257,0.00544073832196322,False,3.8
A,360,GLN,0.41017062727523906,0.034529593921455826,False,-3.5
A,361,TYR,0.43530156586406404,0.14117242315503165,False,-1.3
A,362,ALA,0.1412570884095565,0.0,False,1.8
A,363,VAL,0.2564504406949892,0.013880784092412831,False,4.2
A,364,GLN,0.8911270805273903,0.3579063200513356,True,-3.5
A,365,TYR,1.0165055406598278,0.30996333987658176,True,-1.3
A,366,LEU,0.661849759826046,0.20079909887421057,False,3.8
A,367,LYS,1.1444719360480606,0.43621285556493145,True,-3.9
A,368,VAL,0.3721058526565467,0.0,False,4.2
A,369,LYS,1.0817971630614471,0.40047276635436624,True,-3.9
A,370,ARG,0.5525189007561664,0.16505859007961063,False,-4.5
A,371,VAL,0.1324993111047768,0.0,False,4.2
A,372,VAL,0.12817043730777392,0.013880784092412831,False,4.2
A,373,VAL,0.1209782567659924,0.0,False,4.2
A,374,CYS,0.10000542105926613,0.04365331408243689,False,2.5
A,375,GLY,0.035248370934595485,0.03483542930884374,False,-0.4
A,376,HIS,0.3539769086887361,0.10710586953988631,False,-3.2
A,377,TYR,0.4484053832265418,0.11369000952581243,False,-1.3
A,378,ALA,0.7455763500755798,0.5582433826585558,True,1.8
A,379,CYS,0.44755409908759286,0.007705367370720836,False,2.5
A,380,GLY,0.544390833865815,0.21450335482861732,False,-0.4
A,381,GLY,0.2044261586112675,0.01161180976961458,False,-0.4
A,382,CYS,0.3015707442527569,0.007705367370720836,False,2.5
A,383,ALA,0.7496874980111661,0.37945880293002276,True,1.8
A,384,ALA,0.5146555224632106,0.09875374890333562,False,1.8
A,385,ALA,0.33850407610136063,0.025973226853995016,False,1.8
A,386,LEU,0.9234686539317633,0.3802756301053819,True,3.8
A,387,GLY,1.2838282360319857,0.36769067504079594,True,-0.4
A,388,ASP,3.027590253952871,0.7283185827520573,True,-3.5
A,389,SER,1.2293569506581272,0.29878118958799693,True,-0.8
A,390,ARG,2.936845866095025,0.7431175087614414,True,-4.5
A,391,LEU,0.8586345367848036,0.20960606153940234,False,3.8
A,392,GLY,1.0192339290892916,0.4320916328125732,True,-0.4
A,393,LEU,0.49362277523431564,0.1862511178967035,False,3.8
A,394,ILE,0.21057710930568457,0.0,False,4.5
A,395,ASP,0.6041528503675283,0.07155799291498972,False,-3.5
A,396,ASN,1.2644059184003602,0.5285050089007758,True,-3.5
A,397,TRP,0.318127128318101,0.03773548817906645,False,-0.9
A,398,LEU,0.20364127224275996,0.0060081005773130166,False,3.8
A,399,ARG,0.9689958024769847,0.40828564648851184,True,-4.5
A,400,HIS,0.6511937614927521,0.3532810137753137,True,-3.2
A,401,ILE,0.22549897227831908,0.0,False,4.5
A,402,ARG,0.9321170150263346,0.3193051941255594,True,-4.5
A,403,ASP,1.0848434134431835,0.3040197018199486,True,-3.5
A,404,VAL,0.4515111799002502,0.040859770714151165,False,4.2
A,405,ARG,0.9470313096278129,0.3446625248320096,True,-4.5
A,406,ARG,1.9610623449889433,0.5515959766746494,True,-4.5
A,407,HIS,1.9258509985384262,0.5380518222007888,True,-3.2
A,408,ASN,0.8081492628290197,0.06814433458121087,False,-3.5
A,409,GLN,1.4699118146190442,0.3093819222051524,True,-3.5
A,410,ALA,1.5216768935834868,0.6942122920157275,True,1.8
A,411,GLU,0.8301324184356377,0.07644483893916172,False,-3.5
A,412,LEU,0.5887212647201235,0.06938737226154335,False,3.8
A,413,SER,1.7993607832136942,0.5395321768526241,True,-0.8
A,414,ARG,1.9036004469884253,0.589467165242344,True,-4.5
A,415,ILE,1.0269040966499086,0.1599827832348232,False,4.5
A,416,THR,3.0195372277931307,0.7360809304993358,True,-0.7
A,417,ASP,2.4408778070915833,0.3390404838432247,True,-3.5
A,418,PRO,2.208922509230382,0.6100683669645915,True,-1.6
A,419,LYS,1.6486583272668445,0.585736638428539,True,-3.9
A,420,ASP,1.0201894960740374,0.25193867180701557,True,-3.5
A,421,SER,0.5824930114627181,0.22208295459344676,False,-0.8
A,422,LEU,0.49253150613943114,0.12617011212357335,False,3.8
A,423,ASN,0.5389922830555469,0.07154408559726795,False,-3.5
A,424,ARG,0.3049224976198271,0.02394719130031987,False,-4.5
A,425,LEU,0.16631137757141723,0.04205670404119111,False,3.8
A,426,ILE,0.19676868366850384,0.006130092467207697,False,4.5
A,427,GLU,0.16628419278309076,0.0,False,-3.5
A,428,ILE,0.2378909118209601,0.06743101713928466,False,4.5
A,429,ASN,0.2514791216974967,0.0054946616618601046,False,-3.5
A,430,VAL,0.1284787953663489,0.0,False,4.2
A,431,LEU,0.1937967839756178,0.05407290519581715,False,3.8
A,432,GLU,0.4364386555070567,0.2542015610172945,True,-3.5
A,433,GLN,0.22119880958484708,0.043645183314575904,False,-3.5
A,434,MET,0.12564625889298858,0.0,False,1.9
A,435,HIS,0.45658734789329347,0.17668232933985778,False,-3.2
A,436,ASN,0.5188467671118593,0.1332336878016817,False,-3.5
A,437,VAL,0.12488272567769225,0.0,False,4.2
A,438,CYS,0.15526261729543483,0.0,False,2.5
A,439,ALA,0.3879673858128197,0.24206492559341808,False,1.8
A,440,THR,0.5490109334353428,0.07021094279301839,False,-0.7
A,441,SER,1.0632987490797672,0.5050625411840781,True,-0.8
A,442,ILE,0.4606373507154909,0.13753605588341164,False,4.5
A,443,VAL,0.28989216103450177,0.0,False,4.2
A,444,GLN,0.6075874767265632,0.09418947164804316,False,-3.5
A,445,ASP,1.4243610733181202,0.5123438218716807,True,-3.5
A,446,ALA,0.59225366373696,0.0552847246737534,False,1.8
A,447,TRP,0.6206086397761515,0.024468178639596865,False,-0.9
A,448,ASP,1.796496574979174,0.5707747105778508,True,-3.5
A,449,ALA,2.0173829384054525,0.5944949265378398,True,1.8
A,450,GLY,1.947371956932823,0.6368647502101029,True,-0.4
A,451,GLN,0.9872394553785685,0.18111658639063585,False,-3.5
A,452,GLU,2.0259463096488983,0.5796120671368307,True,-3.5
A,453,LEU,0.35733088198496565,0.022330315543202677,False,3.8
A,454,GLU,0.6165656456309936,0.2169045730338765,False,-3.5
A,455,VAL,0.20163660240123799,0.0,False,4.2
A,456,GLN,0.28345024145442116,0.019948415218594393,False,-3.5
A,457,GLY,0.09004975788012129,0.0,False,-0.4
A,458,VAL,0.13676809582774527,0.0,False,4.2
A,459,VAL,0.15863322853911432,0.0,False,4.2
A,460,TYR,0.2901755517272281,0.05451511364542568,False,-1.3
A,461,GLY,0.3554403585582036,0.1625653367746041,False,-0.4
A,462,VAL,0.5767579486936241,0.2062455577081699,False,4.2
A,463,GLY,0.7025132640446172,0.46105143804579723,True,-0.4
A,464,ASP,0.7510921832381441,0.2161070007701061,False,-3.5
A,465,GLY,0.17408654124154122,0.0,False,-0.4
A,466,LYS,0.4670306451489923,0.18845163016557046,False,-3.9
A,467,LEU,0.10568091904284524,0.005330641910759803,False,3.8
A,468,ARG,0.4634845783777903,0.08381516955111953,False,-4.5
A,469,ASP,0.4797119742022682,0.10133990060664953,False,-3.5
A,470,MET,0.11959696657018258,0.010174496607601058,False,1.9
A,471,GLY,0.226226615527565,0.01161180976961458,False,-0.4
A,472,VAL,0.5974241319964191,0.294651130508519,True,4.2
A,473,VAL,0.47683892699713887,0.013880784092412831,False,4.2
A,474,ALA,0.8535373300160962,0.5906953041671957,True,1.8
A,475,LYS,1.0538441569983574,0.5723865203181089,True,-3.9
A,476,ALA,0.40766442863986024,0.055113179102808545,False,1.8
A,477,ASN,1.1348978178354348,0.3076797868985108,True,-3.5
A,478,ASP,0.9009854101340202,0.21237192382558429,False,-3.5
A,479,ASP,1.9755288385234773,0.5178954230326274,True,-3.5
A,480,ILE,2.689844291368192,0.629165708221153,True,4.5
A,481,GLY,5.7759079805808415,1.1051337557165495,True,-0.4
B,1,VAL,3.728929248999223,0.9047500849076346,True,4.2
B,2,MET,1.855197815945473,0.44343978614488505,True,1.9
B,3,SER,1.0471887785522458,0.015582299561805372,False,-0.8
B,4,ASP,1.245181663336907,0.44383730836193724,True,-3.5
B,5,LEU,0.38919794145258335,0.0,False,3.8
B,6,GLU,1.0131519110746932,0.3040809234233877,True,-3.5
B,7,LYS,1.4516693288757074,0.46824597193892703,True,-3.9
B,8,LYS,0.734105017842494,0.27186091511837945,True,-3.9
B,9,PHE,0.43721190356769957,0.039686902234758896,False,2.8
B,10,ILE,1.3521759026116806,0.44611432176121574,True,4.5
B,11,GLU,1.809375513382362,0.5588931086199522,True,-3.5
B,12,LEU,0.5332108772606545,0.0720972069277562,False,3.8
B,13,GLU,0.738976874968258,0.36524116744628515,True,-3.5
B,14,ALA,1.2052513225082886,0.48151799437356335,True,1.8
B,15,LYS,0.9797210498182751,0.4005845857539007,True,-3.9
B,16,LEU,0.3976663846509373,0.024032402309252066,False,3.8
B,17,VAL,0.9307896782773547,0.23127784019249412,False,4.2
B,18,ALA,1.4615222267891894,0.6487240760799869,True,1.8
B,19,GLN,1.0203017389131555,0.1834239395870404,False,-3.5
B,20,PRO,1.103686596329523,0.5308038108856411,True,-1.6
B,21,ALA,0.3647353672721138,0.16078067235973267,False,1.8
B,22,GLY,0.4353042123628388,0.13148580231361365,False,-0.4
B,23,GLN,1.4651792637910317,0.5168692328068972,True,-3.5
B,24,ALA,0.4181832463226004,0.009361459039069119,False,1.8
B,25,MET,1.2295399206294737,0.5834269668939626,True,1.9
B,26,PRO,0.730378953714181,0.26646143226329916,True,-1.6
B,27,GLY,0.816324269877343,0.20735913147338078,False,-0.4
B,28,LYS,2.343244985749909,0.8071946929700535,True,-3.9
B,29,SER,1.0380808691286534,0.16406977767542544,False,-0.8
B,30,ASN,1.6063679606606902,0.45123497597941725,True,-3.5
B,31,ILE,0.39883144850094165,0.04291064727045388,False,4.5
B,32,PHE,0.5082245325107076,0.03741741570180564,False,2.8
B,33,ALA,0.822299521694101,0.4870002440280975,True,1.8
B,34,ASN,0.9819654776303851,0.21612494829201107,False,-3.5
B,35,ASN,0.3251650979200461,0.010989323323720209,False,-3.5
B,36,GLU,0.8586277351247715,0.29341066598585347,True,-3.5
B,37,ALA,0.72532358717492,0.38596379929060465,True,1.8
B,38,TRP,0.4057578560919127,0.036935208787309895,False,-0.9
B,39,ARG,0.5170863767913219,0.08780636810117284,False,-4.5
B,40,GLN,1.2310346044470077,0.413901118049807,True,-3.5
B,41,GLU,1.4857274304691503,0.33850426983963433,True,-3.5
B,42,MET,0.6438185932970422,0.14309752577573778,False,1.9
B,43,LEU,0.7752480435295512,0.27696105780128605,True,3.8
B,44,LYS,2.4341471624051914,0.679159829835665,True,-3.9
B,45,GLN,1.8805370948834303,0.5526544584801397,True,-3.5
B,46,ASP,1.5174308998579162,0.21044073961614446,False,-3.5
B,47,PRO,1.6655679208503475,0.5804316488266209,True,-1.6
B,48,GLU,1.9642578211108033,0.4309165140660656,True,-3.5
B,49,PHE,0.6116833650622895,0.19007305760651014,False,2.8
B,50,PHE,0.4789076504831453,0.029715539512142453,False,2.8
B,51,ASN,1.538480748839582,0.4371163041580905,True,-3.5
B,52,ARG,1.387947095524262,0.4930295350357656,True,-4.5
B,53,LEU,0.5458398938390662,0.11959464929091056,False,3.8
B,54,ALA,1.0923334902391328,0.31892903102379694,True,1.8
B,55,ASN,2.1844986344847994,0.6460490996684833,True,-3.5
B,56,GLY,1.2740821995780576,0.30924678109265824,True,-0.4
B,57,GLN,2.1814608851766106,0.5249673929845428,True,-3.5
B,58,SER,1.3250387202618588,0.5104155718457187,True,-0.8
B,59,PRO,0.5028032719708783,0.1046192241547449,False,-1.6
B,60,GLU,0.9633071221555483,0.4278823836042318,True,-3.5
B,61,TYR,0.41474796947507636,0.09791180836887825,False,-1.3
B,62,LEU,0.04329596214173662,0.0,False,3.8
B,63,TRP,0.23207132034567787,0.00807444427633166,False,-0.9
B,64,ILE,0.11267872413642238,0.006130092467207697,False,4.5
B,65,GLY,0.08002381441983128,0.0,False,-0.4
B,66,CYS,0.16681248773957635,0.006548433549189265,False,2.5
B,67,ALA,0.11901473517638779,0.008305883907462949,False,1.8
B,68,ASP,0.4348224352921526,0.18206991163409286,False,-3.5
B,69,SER,0.30983883670581275,0.14015256931523024,False,-0.8
B,70,ARG,0.5576456756341821,0.24571496847721194,False,-4.5
B,71,VAL,0.2709673780296183,0.020038594575531917,False,4.2
B,72,PRO,0.3547494570961858,0.08354660614112629,False,-1.6
B,73,ALA,0.10534031732494224,0.016954858956815616,False,1.8
B,74,ASN,0.5144470454861534,0.08963424607614205,False,-3.5
B,75,GLN,0.5189535285037417,0.22180398116580805,False,-3.5
B,76,LEU,0.12091024946054782,0.0,False,3.8
B,77,LEU,0.17849998000657458,0.03401622746421846,False,3.8
B,78,ASP,0.8046249186263987,0.2915054197884469,True,-3.5
B,79,LEU,0.6535625205411262,0.24158991300396118,False,3.8
B,80,PRO,0.8436860468038931,0.4025427386799721,True,-1.6
B,81,ALA,0.38921535949762925,0.14025686673471335,False,1.8
B,82,GLY,0.34031031972691594,0.031333036822037835,False,-0.4
B,83,GLU,0.7745977933094337,0.10875759860657322,False,-3.5
B,84,VAL,0.25121946389827915,0.026196405058651,False,4.2
B,85,PHE,0.18144250445942475,0.015095352700498953,False,2.8
B,86,VAL,0.21654175097319173,0.083284704554477,False,4.2
B,87,HIS,0.11300260055772296,0.0,False,-3.2
B,88,ARG,0.1392697799881983,0.06427538049912053,False,-4.5
B,89,ASN,0.18396405977129152,0.0,False,-3.5
B,90,ILE,0.1263915220563803,0.012260184934415394,False,4.5
B,91,ALA,0.024758791434843632,0.009361459039069119,False,1.8
B,92,ASN,0.16743596456597976,0.022092130640527015,False,-3.5
B,93,GLN,0.1884869893360643,0.019850062424586003,False,-3.5
B,94,CYS,0.12738524492680228,0.0,False,2.5
B,95,ILE,0.4860642007057893,0.09137250470697174,False,4.5
B,96,HIS,1.1208396366039473,0.5147243186506395,True,-3.2
B,97,SER,1.6800547414166125,0.6277549087275649,True,-0.8
B,98,ASP,0.573008845806589,0.06944137335057735,False,-3.5
B,99,ILE,0.5198659041363534,0.30592574105924114,True,4.5
B,100,SER,0.17476129513447106,0.0,False,-0.8
B,101,PHE,0.18711124955041794,0.005031784233499651,False,2.8
B,102,LEU,0.29506254591382297,0.1081458103916343,False,3.8
B,103,SER,0.12579930789054675,0.0,False,-0.8
B,104,VAL,0.06195803899739254,0.0069403920462064155,False,4.2
B,105,LEU,0.04318151908371056,0.0,False,3.8
B,106,GLN,0.32799256799528204,0.0486039290095381,False,-3.5
B,107,TYR,0.37625554722080823,0.04888786421578952,False,-1.3
B,108,ALA,0.11924443470227378,0.0,False,1.8
B,109,VAL,0.29290488221462424,0.0069403920462064155,False,4.2
B,110,GLN,0.7085642524961446,0.2763916807586876,True,-3.5
B,111,TYR,0.7788685701221953,0.2895933964533361,True,-1.3
B,112,LEU,0.6062211263356893,0.25884772864768113,True,3.8
B,113,LYS,1.0986343679353103,0.4482861026273433,True,-3.9
B,114,VAL,0.3505786794849946,0.0,False,4.2
B,115,LYS,0.8593943127204376,0.3003563851751004,True,-3.9
B,116,HIS,0.5946773971940467,0.1741367977924178,False,-3.2
B,117,ILE,0.11272630973364231,0.0054388782947346215,False,4.5
B,118,LEU,0.11009252317091758,0.01802430173193905,False,3.8
B,119,VAL,0.10304781562026395,0.0,False,4.2
B,120,CYS,0.08892352636976862,0.04107442394054875,False,2.5
B,121,GLY,0.052320399243992115,0.0,False,-0.4
B,122,HIS,0.3759732035446478,0.08167720150317358,False,-3.2
B,123,TYR,0.49890446227072577,0.15346242917762862,False,-1.3
B,124,GLY,0.6997756355312386,0.44813030912255586,True,-0.4
B,125,CYS,0.4465775603333653,0.023116102112162508,False,2.5
B,126,GLY,0.5477238028850868,0.16957821739082327,False,-0.4
B,127,GLY,0.20683099742334773,0.01161180976961458,False,-0.4
B,128,ALA,0.26586315150755174,0.028084377117207356,False,1.8
B,129,LYS,1.4242861995200062,0.5145844635793765,True,-3.9
B,130,ALA,0.5691029358519735,0.07489167231255295,False,1.8
B,131,ALA,0.4322244338906402,0.03427911076145796,False,1.8
B,132,LEU,0.836414438226249,0.40683981223751514,True,3.8
B,133,GLY,1.8007536272354034,0.5748370240271393,True,-0.4
B,134,ASP,1.6174432634686708,0.4444281882237265,True,-3.5
B,135,SER,1.9812368382784828,0.4877232197903089,True,-0.8
B,136,ARG,4.038238294335045,0.7973357109917583,True,-4.5
B,137,LEU,0.7921997054092212,0.12549265345702015,False,3.8
B,138,GLY,1.0866930965156145,0.43074159378493637,True,-0.4
B,139,LEU,0.6878450712162425,0.28872330573483984,True,3.8
B,140,ILE,0.3053708920200825,0.006130092467207697,False,4.5
B,141,ASP,0.8336485488682601,0.09376439755877669,False,-3.5
B,142,ASN,1.4286465721655808,0.46857418303896253,True,-3.5
B,143,TRP,0.34709612272671064,0.0423729198610497,False,-0.9
B,144,LEU,0.24966565396354032,0.0,False,3.8
B,145,ARG,1.0052118707832074,0.35108572885993966,True,-4.5
B,146,HIS,0.6573858968670014,0.3273318511557437,True,-3.2
B,147,ILE,0.23681049484578426,0.02452036986883079,False,4.5
B,148,ARG,0.952979647944808,0.39731213214352235,True,-4.5
B,149,ASP,1.1236028991253808,0.36579285444516685,True,-3.5
B,150,VAL,0.453095357106406,0.013880784092412831,False,4.2
B,151,ARG,0.9489292026819769,0.380086343928558,True,-4.5
B,152,ARG,2.650646198701017,0.6892069074351775,True,-4.5
B,153,MET,1.092801200321988,0.4792228069686169,True,1.9
B,154,ASN,0.7527362597432334,0.04945195495674094,False,-3.5
B,155,ALA,0.9850694866550775,0.2893212006504814,True,1.8
B,156,LYS,1.8068674499166408,0.5654917893901416,True,-3.9
B,157,TYR,0.9062890899997216,0.21761074096868996,False,-1.3
B,158,LEU,0.46046600349765904,0.012016201154626033,False,3.8
B,159,ASP,1.9540085478522564,0.589453415947617,True,-3.5
B,160,LYS,2.0862752304291856,0.7436406995665971,True,-3.9
B,161,CYS,0.9910661512821136,0.11806549153787,False,2.5
B,162,LYS,2.2928302468016715,0.6959786389669902,True,-3.9
B,163,ASP,2.2981891999380326,0.33205586065714104,True,-3.5
B,164,GLY,1.3234334504976817,0.5107230386612188,True,-0.4
B,165,ASP,1.9896636911774452,0.6152094621809533,True,-3.5
B,166,GLU,0.8406249494324618,0.13104870588475218,False,-3.5
B,167,GLU,0.6800570517367386,0.20965732732996845,False,-3.5
B,168,LEU,0.479551072752336,0.13818631327819939,False,3.8
B,169,ASN,0.5397591518868281,0.17237722339322203,False,-3.5
B,170,ARG,0.2267375925618356,0.02793838985037318,False,-4.5
B,171,LEU,0.1473146266683694,0.01802430173193905,False,3.8
B,172,ILE,0.18633351068163392,0.042219433097980805,False,4.5
B,173,GLU,0.16283684293029516,0.0,False,-3.5
B,174,LEU,0.13322298900548568,0.0060081005773130166,False,3.8
B,175,ASN,0.21959173976829421,0.03423369348519463,False,-3.5
B,176,VAL,0.13379290749968833,0.0,False,4.2
B,177,LEU,0.18385682293621353,0.023354943642698855,False,3.8
B,178,GLU,0.409884366378025,0.1952430803694834,False,-3.5
B,179,GLN,0.21254994644811784,0.024203611710760665,False,-3.5
B,180,VAL,0.12354271321830779,0.0,False,4.2
B,181,HIS,0.5254428149830103,0.185637270899309,False,-3.2
B,182,ASN,0.4999063606110572,0.09477105616866097,False,-3.5
B,183,VAL,0.11637347545220396,0.0,False,4.2
B,184,CYS,0.14013840752978882,0.0,False,2.5
B,185,ALA,0.3744085905583582,0.22334200751527983,False,1.8
B,186,THR,0.4611946761545567,0.049147659955112874,False,-0.7
B,187,SER,0.9726299485001754,0.4456270943325877,True,-0.8
B,188,ILE,0.398727500189053,0.017699063229150016,False,4.5
B,189,VAL,0.23812950880206274,0.0,False,4.2
B,190,GLN,0.6091507758843859,0.1078703955600919,False,-3.5
B,191,ASP,1.3710992206094212,0.4679310125841068,True,-3.5
B,192,ALA,0.5944590256610642,0.04592326563468428,False,1.8
B,193,TRP,0.5640095186574727,0.03855062675291788,False,-0.9
B,194,ASP,1.7989389833374552,0.6713163536522099,True,-3.5
B,195,ALA,2.049712508011317,0.6268016041814718,True,1.8
B,196,GLY,1.86831869431583,0.552922723641537,True,-0.4
B,197,GLN,0.9712953533230784,0.18172178279942341,False,-3.5
B,198,GLU,1.6370414402396967,0.5837259474970579,True,-3.5
B,199,LEU,0.3398548729315106,0.022330315543202677,False,3.8
B,200,THR,0.4911940523646902,0.18481945744892186,False,-0.7
B,201,VAL,0.17985654648585628,0.0,False,4.2
B,202,GLN,0.2974828421065475,0.05004118670460439,False,-3.5
B,203,GLY,0.13807940072990196,0.0,False,-0.4
B,204,VAL,0.1519414377227025,0.0,False,4.2
B,205,VAL,0.16147085677239872,0.0,False,4.2
B,206,TYR,0.28505833143855436,0.017331461901921193,False,-1.3
B,207,GLY,0.3417052166131912,0.16146880010801462,False,-0.4
B,208,VAL,0.5448619738263424,0.18476898034354314,False,4.2
B,209,GLY,0.6632966687125785,0.5206733084085444,True,-0.4
B,210,ASP,0.7448599147877211,0.2174034204866994,False,-3.5
B,211,GLY,0.16252200504573253,0.0,False,-0.4
B,212,LYS,0.4697298048239402,0.18921972294570663,False,-3.9
B,213,LEU,0.07153789132573501,0.0,False,3.8
B,214,ARG,0.43337114573877344,0.1396919492518659,False,-4.5
B,215,ASP,0.49782179283476596,0.2040908809229073,False,-3.5
B,216,LEU,0.14729789432794288,0.01802430173193905,False,3.8
B,217,GLY,0.290707410694378,0.06857432195109797,False,-0.4
B,218,VAL,0.6632222313539727,0.3579459171184645,True,4.2
B,219,VAL,0.4260422022262092,0.013880784092412831,False,4.2
B,220,VAL,1.0605251492751067,0.5572024061494275,True,4.2
B,221,ASN,0.930463628318816,0.41396801839962133,True,-3.5
B,222,SER,0.5467507722950984,0.034563194324603884,False,-0.8
B,223,SER,0.7037967124249184,0.20673155195751042,False,-0.8
B,224,ASP,0.7324492383715914,0.24154100933992625,False,-3.5
B,225,ASP,1.3030997134754507,0.27847103325711353,True,-3.5
B,226,ILE,1.185410266751604,0.3856169431329412,True,4.5
B,227,SER,1.068833964508922,0.4094715381677475,True,-0.8
B,228,LYS,1.1220578740841844,0.4337029892713788,True,-3.9
B,229,PHE,1.0506521873506027,0.11069925313699232,False,2.8
B,230,TYR,1.1324209647359667,0.28855788929001136,True,-1.3
B,231,ARG,0.8768675049146705,0.23784117417131995,False,-4.5
B,232,THR,1.6245991703323466,0.32207461764014017,True,-0.7
B,233,LYS,3.4873184901152725,0.7583969732498407,True,-3.9
B,234,SER,2.6254464403399895,0.6135948790992285,True,-0.8
B,235,ASP,1.5161104520994362,0.2290267273084245,False,-3.5
B,236,SER,1.520690274837209,0.40708263057727845,True,-0.8
B,237,GLY,1.4296278552822101,0.44214871671012096,True,-0.4
B,238,ALA,1.2389926614305224,0.08248507223029944,False,1.8
B,239,LEU,2.5010249064806547,0.6403981889182242,True,3.8
B,240,LYS,3.947248328671511,0.8547988737185679,True,-3.9
B,241,ALA,2.7524321573998263,0.6706137195529437,True,1.8
B,242,GLY,2.7898455413142025,0.5246338901008277,True,-0.4
B,243,ASN,2.2542256648927914,0.366912309211723,True,-3.5
B,244,PRO,2.5899747213266724,0.5380613246012095,True,-1.6
B,245,ASN,3.49365554919696,0.6276184872103494,True,-3.5
B,246,ALA,1.2038882410097016,0.10389290741598006,False,1.8
B,247,PRO,1.729688430191139,0.4329233227312907,True,-1.6
B,248,LEU,1.6402729880620641,0.6125633654111348,True,3.8
B,249,VAL,1.4337399784554028,0.36090038640273364,True,4.2
B,250,GLN,2.1220821725911962,0.4821278536526874,True,-3.5
B,251,VAL,1.5210025993530485,0.4908941460897422,True,4.2
B,252,THR,1.8654245803486886,0.31257444145568464,True,-0.7
B,253,LYS,3.5899101729837355,0.6523846213697836,True,-3.9
B,254,GLY,2.0040969386503917,0.7365267022647987,True,-0.4
B,255,GLY,1.1833225758063772,0.25249705139821227,True,-0.4
B,256,GLU,1.5252308297988857,0.37940374888585665,True,-3.5
B,257,SER,0.8409688387856749,0.007791149780902686,False,-0.8
B,258,GLU,1.1364847478371431,0.4340878602787782,True,-3.5
B,259,LEU,0.4498900364278255,0.0,False,3.8
B,260,ASP,1.0052356508606404,0.3005847202234142,True,-3.5
B,261,SER,1.1959369592153675,0.3018669226973719,True,-0.8
B,262,THR,0.7460871057939877,0.1971742454510765,False,-0.7
B,263,MET,0.4106070052976187,0.07008556610945943,False,1.9
B,264,GLU,1.5821213946239263,0.5397733475544858,True,-3.5
B,265,LYS,1.7518337486873752,0.5181617791598192,True,-3.9
B,266,LEU,0.5418264098869725,0.07675039017196279,False,3.8
B,267,THR,0.6388280088881183,0.1769026439618756,False,-0.7
B,268,ALA,1.0094299496295158,0.41809893136329185,True,1.8
B,269,GLU,1.2575843191928473,0.35701340672583065,True,-3.5
B,270,LEU,0.31109017217286705,0.01802430173193905,False,3.8
B,271,VAL,0.7448221795609173,0.22501718768779547,False,4.2
B,272,GLN,2.02174088883418,0.6339874718295083,True,-3.5
B,273,GLN,0.9572691094887065,0.22958826133077484,False,-3.5
B,274,THR,1.3172556542150715,0.3992764808109271,True,-0.7
B,275,PRO,0.4741377986411487,0.12986134813145236,False,-1.6
B,276,GLY,0.49943056119023854,0.25249705139821227,True,-0.4
B,277,LYS,1.606251520689893,0.5929162425886539,True,-3.9
B,278,LEU,0.40179885483675376,0.015991925732279408,False,3.8
B,279,LYS,1.5736316102632846,0.5582292258850386,True,-3.9
B,280,GLU,1.058623158201069,0.2968336777194797,True,-3.5
B,281,GLY,0.8081367438818657,0.1663212316224574,False,-0.4
B,282,ALA,1.751066130463169,0.8064176100587921,True,1.8
B,283,ASN,1.1983713261807303,0.3331194697848507,True,-3.5
B,284,ARG,1.4449878338960696,0.42208558524306955,True,-4.5
B,285,VAL,0.38759379717704084,0.027761568184825662,False,4.2
B,286,PHE,0.5020868131580114,0.032953003101544295,False,2.8
B,287,VAL,1.151915134324279,0.42139771114056884,True,4.2
B,288,ASN,0.8421389057021658,0.2517378492843263,True,-3.5
B,289,ASN,0.27472482615266003,0.011216291309893408,False,-3.5
B,290,GLU,0.7538463506546651,0.22789580826073536,False,-3.5
B,291,ASN,1.2463807455705143,0.40728631803665094,True,-3.5
B,292,TRP,0.41070889167617775,0.02118645993052485,False,-0.9
B,293,ARG,0.4866889592109876,0.11175355940149272,False,-4.5
B,294,GLN,1.1333628438527639,0.37748774139745467,True,-3.5
B,295,LYS,1.119495608901699,0.39700370260213946,True,-3.9
B,296,MET,0.6157087579614803,0.13619365151999893,False,1.9
B,297,LEU,0.8331118116741303,0.20689622687318948,False,3.8
B,298,LYS,2.257639953492954,0.7277125053288981,True,-3.9
B,299,GLN,1.9437852939673093,0.6246751768483715,True,-3.5
B,300,ASP,1.5796353780778585,0.29291649949805515,True,-3.5
B,301,PRO,1.6651286524460456,0.7118932728838565,True,-1.6
B,302,GLN,2.1260595726137415,0.47927975556611296,True,-3.5
B,303,PHE,0.6469566448395184,0.15485056797201258,False,2.8
B,304,PHE,0.45299633027394975,0.029715539512142453,False,2.8
B,305,SER,1.2678653573593492,0.269604509222219,True,-0.8
B,306,ASN,1.4971479267777021,0.3909288989581814,True,-3.5
B,307,LEU,0.5294888030416911,0.10157034755897149,False,3.8
B,308,ALA,1.1145878193563614,0.29717810469622663,True,1.8
B,309,HIS,2.1422469795606855,0.5953185682862256,True,-3.2
B,310,THR,1.1987665864882533,0.10929944225221955,False,-0.7
B,311,GLN,2.201553757167608,0.5089150553112244,True,-3.5
B,312,THR,1.2815456371402536,0.4581022187670418,True,-0.7
B,313,PRO,0.5457593425271934,0.12826107220566907,False,-1.6
B,314,GLU,1.0693155300347987,0.45015450044789496,True,-3.5
B,315,ILE,0.2830510180863103,0.030650462336038485,False,4.5
B,316,LEU,0.09260287301286917,0.0060081005773130166,False,3.8
B,317,TRP,0.23545301758512793,0.01614888855266332,False,-0.9
B,318,ILE,0.14889100946620873,0.012260184934415394,False,4.5
B,319,GLY,0.08388211424264225,0.01161180976961458,False,-0.4
B,320,CYS,0.16254439108128538,0.01309686709837853,False,2.5
B,321,ALA,0.09318619812356368,0.0,False,1.8
B,322,ASP,0.3970377503476419,0.17289789352163926,False,-3.5
B,323,SER,0.28748168488616527,0.10380503143674613,False,-0.8
B,324,ARG,0.5198210841114246,0.18418217543334212,False,-4.5
B,325,VAL,0.2883344912171224,0.02463124193247633,False,4.2
B,326,PRO,0.37880888322230283,0.09873689816678562,False,-1.6
B,327,ALA,0.1410568814300471,0.04327117695270035,False,1.8
B,328,ASN,0.5342762969791368,0.1068165346103234,False,-3.5
B,329,GLN,0.5800086368942355,0.2426489091892988,False,-3.5
B,330,ILE,0.1686060165922521,0.006130092467207697,False,4.5
B,331,ILE,0.24278148925477938,0.023829155696357712,False,4.5
B,332,ASN,0.8021967554408282,0.4083641904207318,True,-3.5
B,333,LEU,0.7372275824355744,0.2316060878489948,False,3.8
B,334,PRO,0.9988917581794601,0.4405184687441204,True,-1.6
B,335,ALA,0.41527707364485844,0.13406213309046275,False,1.8
B,336,GLY,0.3339005850568278,0.12688687316021824,False,-0.4
B,337,GLU,0.7958406014449265,0.2174349527658153,False,-3.5
B,338,VAL,0.2600744967666861,0.036946862898714496,False,4.2
B,339,PHE,0.22453056066014684,0.015095352700498953,False,2.8
B,340,VAL,0.20650697240770716,0.09022509660068341,False,4.2
B,341,HIS,0.1223134461305359,0.0,False,-3.2
B,342,ARG,0.15165295823345237,0.0678503753509063,False,-4.5
B,343,ASN,0.17353968472975573,0.0,False,-3.5
B,344,ILE,0.08918814820851945,0.0,False,4.5
B,345,ALA,0.01831044008461914,0.0,False,1.8
B,346,ASN,0.184353829101572,0.02770027629547372,False,-3.5
B,347,GLN,0.19416644091078716,0.009622433007899235,False,-3.5
B,348,CYS,0.15834888071351988,0.0,False,2.5
B,349,ILE,0.5045727054532191,0.08582129454090776,False,4.5
B,350,HIS,1.1991410709095747,0.5320186740089138,True,-3.2
B,351,SER,1.654422117508779,0.6234778026105898,True,-0.8
B,352,ASP,0.5967669851334069,0.04582388899718215,False,-3.5
B,353,MET,0.6310592627479368,0.2938384903777907,True,1.9
B,354,SER,0.1730750111458589,0.006912638864920777,False,-0.8
B,355,PHE,0.22177424604660628,0.009496196833760987,False,2.8
B,356,LEU,0.34960304457626856,0.09612960923700826,False,3.8
B,357,SER,0.21718191528165717,0.007791149780902686,False,-0.8
B,358,VAL,0.11704221553524931,0.013880784092412831,False,4.2
B,359,LEU,0.08529618284699239,0.0,False,3.8
B,360,GLN,0.4060957733371331,0.03402275030667667,False,-3.5
B,361,TYR,0.4364050936960889,0.13250669220407105,False,-1.3
B,362,ALA,0.1403068761853466,0.0,False,1.8
B,363,VAL,0.25655616024722094,0.0069403920462064155,False,4.2
B,364,GLN,0.893556453451022,0.348185534249428,True,-3.5
B,365,TYR,1.0114668094555714,0.2834483934420376,True,-1.3
B,366,LEU,0.6635577276617719,0.21213784136228342,False,3.8
B,367,LYS,1.1327715046610813,0.42540173003926607,True,-3.9
B,368,VAL,0.36907476287391877,0.0,False,4.2
B,369,LYS,1.0794985622303015,0.39738234438789677,True,-3.9
B,370,ARG,0.5520534483008604,0.18227199537462652,False,-4.5
B,371,VAL,0.12685994161387312,0.0,False,4.2
B,372,VAL,0.12823218194187036,0.013880784092412831,False,4.2
B,373,VAL,0.11918298347655863,0.0,False,4.2
B,374,CYS,0.09764962367679549,0.051358681453157716,False,2.5
B,375,GLY,0.03463400099014294,0.0,False,-0.4
B,376,HIS,0.3527347988338388,0.13945305389809834,False,-3.2
B,377,TYR,0.4464496435967055,0.11420776310747477,False,-1.3
B,378,ALA,0.736521995925641,0.5592989577901619,True,1.8
B,379,CYS,0.44483274433095904,0.0072313066828737504,False,2.5
B,380,GLY,0.5393519842256869,0.22501862793164243,False,-0.4
B,381,GLY,0.20981829395302432,0.01161180976961458,False,-0.4
B,382,CYS,0.29507762650378005,0.015410734741441673,False,2.5
B,383,ALA,0.7530021544526129,0.3170953150513575,True,1.8
B,384,ALA,0.507119592120975,0.09150344012747885,False,1.8
B,385,ALA,0.34089931790277683,0.01766734294653207,False,1.8
B,386,LEU,0.9240410063791582,0.368259428950756,True,3.8
B,387,GLY,1.277979587901394,0.3146561203201932,True,-0.4
B,388,ASP,3.0149247558154437,0.7132114612873691,True,-3.5
B,389,SER,1.242408920066459,0.2989239597728478,True,-0.8
B,390,ARG,2.9528971716058434,0.7618218176182514,True,-4.5
B,391,LEU,0.8554212891334968,0.20292050229553613,False,3.8
B,392,GLY,1.0004879051435303,0.41367972491377686,True,-0.4
B,393,LEU,0.4989783485232179,0.1862511178967035,False,3.8
B,394,ILE,0.2084957003319302,0.0,False,4.5
B,395,ASP,0.6039567891595696,0.07922621364034883,False,-3.5
B,396,ASN,1.2530507959547363,0.4884188021843799,True,-3.5
B,397,TRP,0.3145349998413427,0.02542375191662982,False,-0.9
B,398,LEU,0.20120038608092666,0.01802430173193905,False,3.8
B,399,ARG,0.9719637804545639,0.4455358086894581,True,-4.5
B,400,HIS,0.6475161064861602,0.3544968101322529,True,-3.2
B,401,ILE,0.22467906704671206,0.0,False,4.5
B,402,ARG,0.9352959440303756,0.34416555697807827,True,-4.5
B,403,ASP,1.0932072635274825,0.3213800451575929,True,-3.5
B,404,VAL,0.4492861752604411,0.04792734309743738,False,4.2
B,405,ARG,0.9502231292986566,0.30749312678672713,True,-4.5
B,406,ARG,1.9493285726594431,0.5326339196322457,True,-4.5
B,407,HIS,1.917615690780567,0.5675570994046161,True,-3.2
B,408,ASN,0.8074615624866323,0.05166034959563055,False,-3.5
B,409,GLN,1.4499609672635214,0.30391633289541103,True,-3.5
B,410,ALA,1.5309716051126334,0.6860779536792094,True,1.8
B,411,GLU,0.830360475115071,0.0620305919786767,False,-3.5
B,412,LEU,0.5847647374636019,0.06405673035078353,False,3.8
B,413,SER,1.78239006314843,0.5412891986845878,True,-0.8
B,414,ARG,1.8989050873567208,0.6221483968836418,True,-4.5
B,415,ILE,1.0226603945856416,0.1831207247587079,False,4.5
B,416,THR,3.085015692576737,0.724413785986846,True,-0.7
B,417,ASP,2.44819522371939,0.33833494398842057,True,-3.5
B,418,PRO,2.2089225092303812,0.6471876870163046,True,-1.6
B,419,LYS,1.6442017388311396,0.5703854322924384,True,-3.9
B,420,ASP,1.0296244605836673,0.240129929630318,False,-3.5
B,421,SER,0.569815461316585,0.22208295459344676,False,-0.8
B,422,LEU,0.49376775203415746,0.1441944138555124,False,3.8
B,423,ASN,0.5370884192647226,0.0880280705828483,False,-3.5
B,424,ARG,0.3023297279731588,0.015964794200213243,False,-4.5
B,425,LEU,0.16805221401142792,0.024032402309252066,False,3.8
B,426,ILE,0.1978639045463095,0.02313794152388464,False,4.5
B,427,GLU,0.1643197945111664,0.004804748986828342,False,-3.5
B,428,ILE,0.2363684348035014,0.04291064727045388,False,4.5
B,429,ASN,0.2519379525108978,0.0,False,-3.5
B,430,VAL,0.12694108912449628,0.0,False,4.2
B,431,LEU,0.1945481871697186,0.04806480461850413,False,3.8
B,432,GLU,0.43476264112131363,0.2590063100041229,True,-3.5
B,433,GLN,0.21912306467150533,0.04374353610858429,False,-3.5
B,434,MET,0.12736494655892905,0.0,False,1.9
B,435,HIS,0.45677916978817673,0.17668232933985775,False,-3.2
B,436,ASN,0.5300124904406294,0.11652273482992818,False,-3.5
B,437,VAL,0.12326933600490837,0.0,False,4.2
B,438,CYS,0.15376826834787777,0.0,False,2.5
B,439,ALA,0.39168479216874286,0.2857054953939452,True,1.8
B,440,THR,0.5431302662258616,0.07723203707232024,False,-0.7
B,441,SER,1.0657268501884996,0.5275574796108041,True,-0.8
B,442,ILE,0.4596047504366905,0.13209717758867703,False,4.5
B,443,VAL,0.29279509185133945,0.0,False,4.2
B,444,GLN,0.5992135144853278,0.08882223513231019,False,-3.5
B,445,ASP,1.4053911527863947,0.5248581039031824,True,-3.5
B,446,ALA,0.5924807941025446,0.04592326563468428,False,1.8
B,447,TRP,0.623485857544256,0.028705470625701834,False,-0.9
B,448,ASP,1.8020887726399346,0.5394890054990965,True,-3.5
B,449,ALA,2.0382415218832834,0.5934393514062335,True,1.8
B,450,GLY,1.9473719569328236,0.6007200017476323,True,-0.4
B,451,GLN,0.9865094080963726,0.2216336928813494,False,-3.5
B,452,GLU,2.0563464155782585,0.5965870361307584,True,-3.5
B,453,LEU,0.3604859602537432,0.033211792187129115,False,3.8
B,454,GLU,0.6151643405514156,0.23551294480191992,False,-3.5
B,455,VAL,0.195523673016583,0.0,False,4.2
B,456,GLN,0.2824685352156283,0.019948415218594393,False,-3.5
B,457,GLY,0.09092512114216697,0.0,False,-0.4
B,458,VAL,0.14055224996895777,0.0,False,4.2
B,459,VAL,0.15350834959276988,0.0,False,4.2
B,460,TYR,0.28599675010778364,0.0560683743904127,False,-1.3
B,461,GLY,0.3518104352653275,0.12663337079917086,False,-0.4
B,462,VAL,0.580047725225019,0.19236477361575707,False,4.2
B,463,GLY,0.6967908636742826,0.4273125454035431,True,-0.4
B,464,ASP,0.7446451536279313,0.22721020309199957,False,-3.5
B,465,GLY,0.17974701051972372,0.0,False,-0.4
B,466,LYS,0.4636548434278611,0.20747024636973885,False,-3.9
B,467,LEU,0.09754490989115783,0.005330641910759803,False,3.8
B,468,ARG,0.45467705385143903,0.08780636810117284,False,-4.5
B,469,ASP,0.4779183922051701,0.09578829944570279,False,-3.5
B,470,MET,0.1181242253264485,0.005391197393035341,False,1.9
B,471,GLY,0.2279902134848673,0.01161180976961458,False,-0.4
B,472,VAL,0.6054103192505316,0.28089752675318597,True,4.2
B,473,VAL,0.47392854242202687,0.0069403920462064155,False,4.2
B,474,ALA,0.8716228209754749,0.5647220773132007,True,1.8
B,475,LYS,1.0554277458502637,0.6104237527264457,True,-3.9
B,476,ALA,0.4120568182237764,0.04680729519534559,False,1.8
B,477,ASN,1.124859794965117,0.3020716412435641,True,-3.5
B,478,ASP,0.8936136426486155,0.21792352498653103,False,-3.5
B,479,ASP,1.9827202553663157,0.5352557663702718,True,-3.5
B,480,ILE,2.6898442913681926,0.6103088803897155,True,4.5
B,481,GLY,5.77590798058084,1.0935219459469347,True,-0.4
