Chain,Number,Type,CX,ASA,Hydrophobicity,Planarity,Roughness
A,1,Interface,0.9458350572018526,65.11542231741763,-0.4555555555555556,0.43533604302376383,2.3272913919098888
A,2,Interface,2.3388756723555177,88.78112941701991,-1.52,0.6165071201065362,2.012237134112127
A,3,Interface,1.1770916370712183,68.4064320497653,-0.45,0.48774642026015974,2.25318201787009
A,4,Interface,1.4884543390543132,67.08729949511101,0.6999999999999998,1.0412269272134345,2.1941446308945403
A,5,Interface,1.7782042736180497,104.43211508508728,0.2999999999999999,1.137453044426021,1.9912849394072802
A,6,Interface,0.8264898008454196,59.78636083988148,-0.942857142857143,0.5917747561962641,2.3490953662313236
A,7,Interface,0.8628577418245152,71.86588811589215,-2.9,0.49838739350834366,2.3429952346279266
A,1,Surface,1.4205354561621863,85.87325115066422,-2.42,0.6379521213391429,2.048680079949733
A,2,Surface,1.043379165464226,56.94154748789258,-0.6250000000000001,0.8021260292988756,2.2833209798766108
A,3,Surface,1.2691545036797263,64.74097020424954,-0.642857142857143,0.7363276180054639,2.173357643999912
A,4,Surface,1.488872281316526,74.68552377195746,-0.2214285714285714,0.33738344609561866,2.145015874100052
A,5,Surface,1.3666526743497533,68.64972201140752,-0.43,0.5041530792794255,2.1436104236308604
A,6,Surface,0.9933023583593689,55.183684502940906,-0.8833333333333333,0.6100169567652831,2.2931390371472316
A,7,Surface,1.2417209790922088,71.85940234545869,-1.9818181818181815,0.6085945599820359,2.1167125614256572
A,8,Surface,1.0955465231543804,63.05131120156113,-1.4384615384615387,0.4464024582334508,2.22051705442979
A,9,Surface,1.2217814485766219,61.28825351260309,-0.65,0.4195351295214209,2.31242690931442
A,10,Surface,1.0412088564743305,46.175147672018696,-0.9749999999999999,0.589744081032617,2.504329860056342
A,11,Surface,0.9319548356027995,55.41453127432073,-0.8571428571428571,0.7748454767833437,2.275615358769595
A,12,Surface,1.2650050045871437,61.66784552068519,-1.1333333333333335,0.40537617610874266,2.281268792106589
A,13,Surface,1.0688815602229773,49.97282844098908,-0.7833333333333335,0.5135420426199065,2.3368372504842587
A,14,Surface,0.9860518654783853,56.66426790229287,-1.6499999999999997,0.6249424475587324,2.2390976571953747
A,15,Surface,1.1309176455975283,66.89551214519327,-1.2000000000000004,0.4571111321293372,2.1663688277710045
A,16,Surface,0.9656830340789249,55.606339798342816,-1.1153846153846156,0.6091691360703639,2.2318087016816976
A,17,Surface,1.3979304132575374,69.542240525591,-1.4750000000000003,0.5151248565677595,2.152162557778298
A,18,Surface,1.15137598099677,57.909005029636,-1.07,0.42638818029797587,2.348223703610277
A,19,Surface,0.9882281208965124,61.27397676918833,-2.1428571428571432,0.517099226930218,2.297713809648839
A,20,Surface,0.6935893159323514,36.89179792932862,-1.0,1.5818621598423563,2.5782484062102276
A,21,Surface,1.4688712191222977,71.7060424854141,0.8555555555555555,0.35989976650165545,2.1905359935302875
B,1,Interface,0.9594092431659456,66.68630137281906,-0.3500000000000001,0.4779348584977398,2.323594348468094
B,2,Interface,2.300839867139364,89.08256397549478,-1.52,0.6535797351576738,2.021072487558278
B,3,Interface,1.1839711677172522,66.6645067483177,-0.8111111111111111,0.47907160184009223,2.273491828968371
B,4,Interface,1.4851185854274094,75.84962866257383,0.6999999999999998,0.8907025387400229,2.161601138949553
B,5,Interface,1.8120442489368154,108.8674616701176,0.3,1.0749517302727964,1.995630038879019
B,6,Interface,0.9637005976592171,73.37517624731994,-1.385714285714286,0.5799735449409937,2.2869675975093204
B,1,Surface,1.2715961306428096,70.82483312633157,-1.5571428571428572,0.39890743159760933,2.1854867402299805
B,2,Surface,1.1032279572131403,62.70422329984978,-0.8545454545454546,0.597982508669498,2.177757126753623
B,3,Surface,1.1474061458171643,62.31685578648353,-0.9545454545454544,0.42334246012266313,2.208402749684554
B,4,Surface,1.4781703447449954,56.389025848968515,-0.16000000000000003,0.5956912406150657,2.258717839991113
B,5,Surface,1.5374562960501563,74.09612598382587,-1.2,0.36844711080298137,2.153377843991386
B,6,Surface,1.260030138667278,61.6462903553572,-0.5749999999999998,0.35573365138270296,2.2424464087892813
B,7,Surface,1.1017621898156402,63.9500616873377,-1.1357142857142857,0.5161228696431196,2.1683718830551038
B,8,Surface,1.1666545194930404,67.17108077685546,-1.1923076923076925,0.4289916067800855,2.1740300004507036
B,9,Surface,1.0342850532052539,63.00359669233841,-1.4769230769230772,0.45262238336843047,2.226701003450312
B,10,Surface,0.7807949398453045,43.544579045832435,-0.10000000000000003,0.4727166435335906,2.5584990111956363
B,11,Surface,0.9352148435020616,58.20160245933593,-0.6909090909090909,0.4199369853052853,2.28493969988108
B,12,Surface,1.160602602303629,65.33467616310674,-0.8888888888888888,0.6010217691558413,2.139789066899847
B,13,Surface,1.1441590175613858,68.33014287040258,-1.6916666666666664,0.34916873901832085,2.196792444087555
B,14,Surface,0.9969199510462251,55.79881503046738,-0.5692307692307691,0.5380493072779332,2.2738437838968233
B,15,Surface,0.9947747232886491,55.20433290259442,-0.9769230769230771,0.5136066832669062,2.2437799767987103
B,16,Surface,1.1602109338615043,64.5105945221681,-0.9538461538461539,0.4828201955883968,2.151869080835853
B,17,Surface,1.0912866120699682,66.13902989103939,-1.5153846153846153,0.4534540491449939,2.191608607661791
B,18,Surface,1.217148576808389,67.77870162519207,-0.8,0.4570293107222707,2.19471173493651
B,19,Surface,1.0488030398365915,66.69048283264098,-0.86,0.455655748339697,2.2489237941948823
B,20,Surface,1.0422817245838776,64.36043324771049,-1.4181818181818182,0.33819772652933233,2.289631738296364
B,21,Surface,1.0355156385245774,70.76917487568477,-0.22499999999999998,0.5407682618228321,2.1997914622449377
B,22,Surface,1.5370272543434096,63.2209860967669,0.5555555555555556,0.5386355610780742,2.219121325526367
