Chain,Number,Type,CX,RASA,Interface,Surface (>%25 rASA),Hydrophobicity
A,1,PRO,3.4525060996364574,0.872242295835071,False,True,-1.6
A,2,PRO,2.0737871219767845,0.21512077429744905,False,False,-1.6
A,3,ALA,2.450139982087848,0.5095760697848337,False,True,1.8
A,4,ASP,3.6036596729389827,0.6610157712814212,False,True,-3.5
A,5,GLY,1.7984551909850852,0.5234640093288256,False,True,-0.4
A,6,ALA,0.9597263672645358,0.1573767445428524,False,False,1.8
A,7,LEU,1.188339006042509,0.3196952205090304,False,True,3.8
A,8,LYS,1.938107971610787,0.5822603330390091,False,True,-3.9
A,9,ARG,1.2761340572151434,0.35024401134211,False,True,-4.5
A,10,ALA,0.26104508198244203,0.0,False,False,1.8
A,11,GLU,1.0191662945674957,0.37509139876193537,True,True,-3.5
A,12,GLU,1.3875030692356298,0.3527390374709411,False,True,-3.5
A,13,LEU,0.4398925815609699,0.030040502886565082,False,False,3.8
A,14,LYS,0.5263449402885615,0.12704680562116794,True,False,-3.9
A,15,THR,1.0286189563999701,0.38278538424870306,False,True,-0.7
A,16,GLN,0.8201808097031665,0.27942140478854155,False,True,-3.5
A,17,ALA,0.13042554118427363,0.0,False,False,1.8
A,18,ASN,0.7867502746071299,0.19314711407341353,True,False,-3.5
A,19,ASP,1.3607032557641188,0.4346214056184263,False,True,-3.5
A,20,TYR,0.9565394209388366,0.318127419401382,False,True,-1.3
A,21,PHE,0.6010464880573584,0.12969164680451428,True,False,2.8
A,22,LYS,1.7562744870736102,0.6733720044684236,True,True,-3.9
A,23,ALA,1.3409089894451105,0.5571878075269496,False,True,1.8
A,24,LYS,1.939258992607317,0.5787333894356901,True,True,-3.9
A,25,ASP,1.123409334726441,0.16602793032857052,False,False,-3.5
A,26,TYR,0.823971051195533,0.1285848856122232,True,False,-1.3
A,27,GLU,1.5436795414727156,0.6313422925152496,False,True,-3.5
A,28,ASN,1.0621058571810618,0.18967299592048995,False,False,-3.5
A,29,ALA,0.06524389190577667,0.0,False,False,1.8
A,30,ILE,0.3883795654725336,0.14712221921298474,False,False,4.5
A,31,LYS,1.002243467147849,0.42730942224265867,False,True,-3.9
A,32,PHE,0.5948199601994942,0.09560390043649339,False,False,2.8
A,33,TYR,0.1768587117817794,0.016295954738596508,True,False,-1.3
A,34,SER,0.5430118351293799,0.1704113358009427,False,False,-0.8
A,35,GLN,0.8660387547667924,0.29715707761882343,False,True,-3.5
A,36,ALA,0.11237131263232591,0.0,False,False,1.8
A,37,ILE,0.5003490277610863,0.0544796180323962,False,False,4.5
A,38,GLU,1.5682024132014745,0.5871109783616524,False,True,-3.5
A,39,LEU,0.8129288531461963,0.3196952205090304,False,True,3.8
A,40,ASN,0.7824667474120526,0.10037920182360768,False,False,-3.5
A,41,PRO,1.008663854115203,0.4286412726691148,False,True,-1.6
A,42,SER,1.0623053721923201,0.4660132336235068,False,True,-0.8
A,43,ASN,0.6790614474123634,0.16408502986090062,True,False,-3.5
A,44,ALA,0.2806092415751711,0.06287812459149991,False,False,1.8
A,45,ILE,0.6536750424114285,0.30650462336038486,True,True,4.5
A,46,TYR,0.3222585459867319,0.017331461901921193,True,False,-1.3
A,47,TYR,0.36552894507603845,0.09169876538893017,False,False,-1.3
A,48,GLY,0.11655870864402526,0.0,False,False,-0.4
A,49,ASN,0.36664992828159304,0.14002887215773863,True,False,-3.5
A,50,ARG,0.3203944717610691,0.12015216019986688,False,False,-4.5
A,51,SER,0.1518551901343059,0.0,False,False,-0.8
A,52,LEU,0.43031510646116145,0.1862511178967035,True,False,3.8
A,53,ALA,0.16728649622977143,0.0,False,False,1.8
A,54,TYR,0.5490204859686421,0.12636168919277255,False,False,-1.3
A,55,LEU,0.42539584030393823,0.14943602834460631,True,False,3.8
A,56,ARG,1.2947755771367289,0.4442590379174393,True,True,-4.5
A,57,THR,1.1670601243719851,0.34224218127030126,False,True,-0.7
A,58,GLU,2.4790820167153296,0.5845079927499102,False,True,-3.5
A,59,CYS,0.9171955078120981,0.25913812647742596,False,True,2.5
A,60,TYR,1.1888044436863325,0.25927298986209985,True,True,-1.3
A,61,GLY,0.8918085505703492,0.5420886997146593,False,True,-0.4
A,62,TYR,1.8957272180290132,0.5737278277253394,False,True,-1.3
A,63,ALA,0.16170308931411484,0.0,False,False,1.8
A,64,LEU,0.5705837342738179,0.22830782193789462,False,False,3.8
A,65,GLY,0.507422556239262,0.3378797398594224,False,True,-0.4
A,66,ASP,0.3763592856229396,0.055630671602482334,False,False,-3.5
A,67,ALA,0.11054532368433614,0.0,False,False,1.8
A,68,THR,0.8866093658864269,0.26511418205702086,False,True,-0.7
A,69,ARG,1.1445935142809647,0.3248773705143652,False,True,-4.5
A,70,ALA,0.14967657635521336,0.01766734294653207,False,False,1.8
A,71,ILE,0.5847450117997807,0.05517083220486927,False,False,4.5
A,72,GLU,1.5841040485170974,0.4807156320248277,False,True,-3.5
A,73,LEU,0.9518643476855904,0.28202461744704815,False,True,3.8
A,74,ASP,1.3260254433608356,0.3727555353157218,False,True,-3.5
A,75,LYS,1.779416967532703,0.5568769033660009,False,True,-3.9
A,76,LYS,2.002577235498676,0.6606100563995453,False,True,-3.9
A,77,TYR,0.8310407601750924,0.17338265898786154,True,False,-1.3
A,78,ILE,0.6360983821377569,0.15822463954511273,False,False,4.5
A,79,LYS,0.8947161950763882,0.41368918041135294,True,True,-3.9
A,80,GLY,0.13882995787025745,0.0,False,False,-0.4
A,81,TYR,0.5018253611862004,0.09939702914521567,False,False,-1.3
A,82,TYR,0.5325005063882898,0.14893872687996676,True,False,-1.3
A,83,ARG,0.3632195738379711,0.1085947682479745,True,False,-4.5
A,84,ARG,0.4548581036825125,0.19449095629043178,False,False,-4.5
A,85,ALA,0.13508429590705923,0.0,False,False,1.8
A,86,ALA,0.2765593106758486,0.25473182717269216,True,True,1.8
A,87,SER,0.39386612875913624,0.0,False,False,-0.8
A,88,ASN,0.6887272307971573,0.06695729588010065,False,False,-3.5
A,89,MET,0.6697151747292989,0.1604402392209297,True,False,1.9
A,90,ALA,0.9470301118209079,0.3484120744145003,True,True,1.8
A,91,LEU,1.2540318757739408,0.42630805872422645,True,True,3.8
A,92,GLY,1.2892804946502179,0.2967104972694815,True,True,-0.4
A,93,LYS,1.2810195136547975,0.47316112676380107,False,True,-3.9
A,94,PHE,0.8258547263212624,0.1952892533287755,True,False,2.8
A,95,ARG,1.8444910359272073,0.5344292595741059,False,True,-4.5
A,96,ALA,0.5766738227672487,0.16251590305549685,False,False,1.8
A,97,ALA,0.16847075427819705,0.0,False,False,1.8
A,98,LEU,0.41744143280008095,0.13217821270088637,False,False,3.8
A,99,ARG,1.5111604413222866,0.5055031713385106,False,True,-4.5
A,100,ASP,0.4331347949022127,0.06177315262521824,False,False,-3.5
A,101,TYR,0.3286201124862248,0.06214533743306158,True,False,-1.3
A,102,GLU,1.1615672665024936,0.3328291728970267,False,True,-3.5
A,103,THR,0.7826130366600971,0.282906701641068,False,True,-0.7
A,104,VAL,0.3960721529772958,0.013880784092412831,False,False,4.2
A,105,VAL,0.6250089463325855,0.19892362465072405,False,False,4.2
A,106,LYS,1.7850911673463514,0.5826170901708575,False,True,-3.9
A,107,VAL,1.3675267273286844,0.3791681338089317,False,True,4.2
A,108,LYS,1.0792429286139802,0.36175040051088125,False,True,-3.9
A,109,PRO,1.8652325098568336,0.38392680660457196,False,True,-1.6
A,110,HIS,3.3912937452255583,0.6987392374437135,False,True,-3.2
A,111,ASP,1.346439382655431,0.1224572632043444,False,False,-3.5
A,112,LYS,2.0816777180364037,0.601679209446178,False,True,-3.9
A,113,ASP,1.4993574172293394,0.33107216776987813,False,True,-3.5
A,114,ALA,0.3854039020767209,0.008305883907462949,False,False,1.8
A,115,LYS,1.0123151160691892,0.3224618557744198,False,True,-3.9
A,116,MET,1.36201231845997,0.5940538528436805,False,True,1.9
A,117,LYS,0.6769520675570202,0.247638703285871,False,False,-3.9
A,118,TYR,0.7319182153213383,0.18501883149149695,False,False,-1.3
A,119,GLN,1.2293463562622702,0.4906270206792711,False,True,-3.5
A,120,GLU,1.0270161744683817,0.41538025362888775,True,True,-3.5
A,121,CYS,0.4491077209700802,0.0,False,False,2.5
A,122,ASN,1.1236749711512481,0.24901900222678885,False,False,-3.5
A,123,LYS,1.6701747858591813,0.520372288946618,False,True,-3.9
A,124,ILE,0.9725487075636031,0.26834164021219253,True,True,4.5
A,125,VAL,0.8766897707902397,0.1896354879152556,False,False,4.2
A,126,LYS,1.6971010207081676,0.5333325833313375,False,True,-3.9
A,127,GLN,1.6034982145108454,0.4016762734634781,True,True,-3.5
A,128,LYS,1.37794239558456,0.43696300399380894,True,True,-3.9
A,129,ALA,1.3264331350006955,0.4857731233255465,False,True,1.8
A,130,PHE,2.1939044949269504,0.5082102075834648,False,True,2.8
A,131,GLU,2.030043763407714,0.5552293635443326,True,True,-3.5
A,132,ARG,2.8789079126877137,0.660423727268321,True,True,-4.5
A,133,ALA,1.4947366587191042,0.39107012937769065,True,True,1.8
A,134,ILE,1.8899812483134997,0.36167545556525416,False,True,4.5
A,135,ALA,1.4286444864542007,0.4597998964715514,True,True,1.8
A,136,GLY,1.4471678873422862,0.3793024848104105,True,True,-0.4
A,137,ASP,1.932360820761009,0.3831531977828112,False,True,-3.5
A,138,GLU,2.118078986138043,0.3811173961073035,False,True,-3.5
A,139,HIS,2.325534735292878,0.5379837169600485,True,True,-3.2
A,140,LYS,1.9330724966791086,0.5423839909923276,True,True,-3.9
A,141,ARG,2.0044275402700538,0.4270800296222802,False,True,-4.5
A,142,SER,1.8489854107329988,0.4012793995542086,False,True,-0.8
A,143,VAL,2.1059382397156767,0.36705819688585267,True,True,4.2
A,144,VAL,2.1773310798611294,0.4032224782214799,True,True,4.2
A,145,ASP,2.719789402288834,0.6892895191671721,False,True,-3.5
A,146,SER,2.6100282656124634,0.6017459266369111,False,True,-0.8
A,147,LEU,2.3526561970646007,0.47446189076439654,True,True,3.8
A,148,ASP,3.2212166680911656,0.4394279447123258,False,True,-3.5
A,149,ILE,2.937901979605938,0.5305531879571773,True,True,4.5
A,150,GLU,4.131581348195815,0.724464395802798,True,True,-3.5
A,151,SER,3.7765065876034147,0.5282269834077937,False,True,-0.8
A,152,MET,3.007714589977804,0.5975322691096301,True,True,1.9
A,153,THR,3.122410323139132,0.715146306839639,True,True,-0.7
A,154,ILE,3.919066380302361,0.7097125716929292,True,True,4.5
A,155,GLU,3.7075049303198253,0.5836114977270233,True,True,-3.5
A,156,ASP,4.198953380494618,0.6596222714685274,True,True,-3.5
A,157,GLU,4.070103072239696,0.5903625690216961,True,True,-3.5
A,158,TYR,7.470547378442593,0.8545455494300582,True,True,-1.3
A,159,SER,5.467980199355161,0.878263074724051,True,True,-0.8
B,1,PRO,3.4525060996364565,0.8504524462911044,False,True,-1.6
B,2,PRO,2.0737871219767827,0.18645301027100078,False,False,-1.6
B,3,ALA,2.4501399820878462,0.5367764173413797,False,True,1.8
B,4,ASP,3.603659672938983,0.6735300533129228,False,True,-3.5
B,5,GLY,1.7984551909850848,0.4599141815051978,False,True,-0.4
B,6,ALA,0.9597263672645353,0.19305452157780623,False,False,1.8
B,7,LEU,1.1883390060425083,0.3444050814848357,False,True,3.8
B,8,LYS,1.938107971610787,0.5971283196271212,False,True,-3.9
B,9,ARG,1.2761340572151445,0.3653763981457881,False,True,-4.5
B,10,ALA,0.26104508198244203,0.0,False,False,1.8
B,11,GLU,1.0191662945674955,0.3660925249675485,True,True,-3.5
B,12,GLU,1.3875030692356303,0.35518153418802084,False,True,-3.5
B,13,LEU,0.4398925815609695,0.030040502886565082,False,False,3.8
B,14,LYS,0.5263449402885612,0.14143157266129136,True,False,-3.9
B,15,THR,1.0286189563999695,0.35707605117760954,False,True,-0.7
B,16,GLN,0.8201808097031678,0.3046387037288605,False,True,-3.5
B,17,ALA,0.13042554118427405,0.0,False,False,1.8
B,18,ASN,0.78675027460713,0.20564652848742238,True,False,-3.5
B,19,ASP,1.3607032557641194,0.4804452946156085,False,True,-3.5
B,20,TYR,0.9565394209388364,0.3180432772772303,False,True,-1.3
B,21,PHE,0.6010464880573579,0.12969164680451428,True,False,2.8
B,22,LYS,1.7562744870736111,0.6294388013592954,True,True,-3.9
B,23,ALA,1.340908989445111,0.5822770048202833,False,True,1.8
B,24,LYS,1.939258992607317,0.5777669503397129,True,True,-3.9
B,25,ASP,1.1234093347264418,0.17854221236007223,False,False,-3.5
B,26,TYR,0.8239710511955328,0.14600048963829604,True,False,-1.3
B,27,GLU,1.5436795414727158,0.6391009275165807,False,True,-3.5
B,28,ASN,1.0621058571810618,0.18967299592048995,False,False,-3.5
B,29,ALA,0.06524389190577687,0.0,False,False,1.8
B,30,ILE,0.388379565472534,0.14712221921298474,False,False,4.5
B,31,LYS,1.0022434671478488,0.44487837980286127,False,True,-3.9
B,32,PHE,0.5948199601994942,0.09560390043649339,False,False,2.8
B,33,TYR,0.17685871178177928,0.016295954738596508,True,False,-1.3
B,34,SER,0.5430118351293802,0.18511512444676614,False,False,-0.8
B,35,GLN,0.8660387547667927,0.30182076493176047,False,True,-3.5
B,36,ALA,0.11237131263232622,0.0,False,False,1.8
B,37,ILE,0.5003490277610863,0.0544796180323962,False,False,4.5
B,38,GLU,1.568202413201475,0.5781121045672656,False,True,-3.5
B,39,LEU,0.8129288531461959,0.3150420372648238,False,True,3.8
B,40,ASN,0.7824667474120526,0.10026571783052109,False,False,-3.5
B,41,PRO,1.0086638541152033,0.46404777269595754,False,True,-1.6
B,42,SER,1.0623053721923197,0.4902651938821968,False,True,-0.8
B,43,ASN,0.6790614474123635,0.17647096028182285,True,False,-3.5
B,44,ALA,0.2806092415751708,0.04415520651336166,False,False,1.8
B,45,ILE,0.6536750424114279,0.31876480829480025,True,True,4.5
B,46,TYR,0.3222585459867315,0.008665730950960597,True,False,-1.3
B,47,TYR,0.36552894507603834,0.09273427255225485,False,False,-1.3
B,48,GLY,0.11655870864402418,0.01161180976961458,False,False,-0.4
B,49,ASN,0.3666499282815932,0.15205695100931965,True,False,-3.5
B,50,ARG,0.3203944717610691,0.12771835360170594,False,False,-4.5
B,51,SER,0.15185519013430557,0.0,False,False,-0.8
B,52,LEU,0.43031510646116083,0.18024301731939052,True,False,3.8
B,53,ALA,0.16728649622977138,0.0,False,False,1.8
B,54,TYR,0.549020485968642,0.12176994692646109,False,False,-1.3
B,55,LEU,0.42539584030393796,0.1600973121661259,True,False,3.8
B,56,ARG,1.294775577136728,0.43901922827258333,True,True,-4.5
B,57,THR,1.1670601243719845,0.3352210869909994,False,True,-0.7
B,58,GLU,2.4790820167153296,0.5905339900952785,False,True,-3.5
B,59,CYS,0.9171955078120986,0.2822542285895885,False,True,2.5
B,60,TYR,1.1888044436863325,0.2771222053456834,True,True,-1.3
B,61,GLY,0.8918085505703494,0.4669270621214169,False,True,-0.4
B,62,TYR,1.8957272180290128,0.5645443431927163,False,True,-1.3
B,63,ALA,0.1617030893141152,0.0,False,False,1.8
B,64,LEU,0.5705837342738176,0.23431592251520766,False,False,3.8
B,65,GLY,0.5074225562392616,0.3391890590130492,False,True,-0.4
B,66,ASP,0.3763592856229394,0.06732475378616498,False,False,-3.5
B,67,ALA,0.11054532368433592,0.009361459039069119,False,False,1.8
B,68,THR,0.8866093658864267,0.22536266042732367,False,False,-0.7
B,69,ARG,1.1445935142809647,0.34209077580938113,False,True,-4.5
B,70,ALA,0.149676576355213,0.0,False,False,1.8
B,71,ILE,0.5847450117997804,0.06130092467207697,False,False,4.5
B,72,GLU,1.5841040485170974,0.5059606253175093,False,True,-3.5
B,73,LEU,0.9518643476855904,0.27737143420284155,False,True,3.8
B,74,ASP,1.3260254433608347,0.3609467931390242,False,True,-3.5
B,75,LYS,1.7794169675327025,0.5850694493446496,False,True,-3.9
B,76,LYS,2.002577235498676,0.6755718115412669,False,True,-3.9
B,77,TYR,0.831040760175092,0.18715788578679593,True,False,-1.3
B,78,ILE,0.6360983821377566,0.15764575724396904,False,False,4.5
B,79,LYS,0.8947161950763878,0.4076056726033422,True,True,-3.9
B,80,GLY,0.13882995787025654,0.0,False,False,-0.4
B,81,TYR,0.5018253611862002,0.11161899519916306,False,False,-1.3
B,82,TYR,0.53250050638829,0.1494564804616291,True,False,-1.3
B,83,ARG,0.36321957383797127,0.11258596679802782,True,False,-4.5
B,84,ARG,0.45485810368251234,0.1993145622370202,False,False,-4.5
B,85,ALA,0.13508429590705873,0.0,False,False,1.8
B,86,ALA,0.276559310675848,0.26409328621176126,True,True,1.8
B,87,SER,0.3938661287591358,0.0,False,False,-0.8
B,88,ASN,0.688727230797157,0.05024634290834714,False,False,-3.5
B,89,MET,0.6697151747292989,0.15626483818483358,True,False,1.9
B,90,ALA,0.9470301118209072,0.34081867449675374,True,True,1.8
B,91,LEU,1.2540318757739406,0.43299361796809266,True,True,3.8
B,92,GLY,1.2892804946502179,0.266899562088108,True,True,-0.4
B,93,LYS,1.281019513654798,0.4838784837358568,False,True,-3.9
B,94,PHE,0.8258547263212622,0.20032103756227515,True,False,2.8
B,95,ARG,1.8444910359272078,0.5385012222798231,False,True,-4.5
B,96,ALA,0.576673822767249,0.15298289844548285,False,False,1.8
B,97,ALA,0.16847075427819708,0.0,False,False,1.8
B,98,LEU,0.41744143280008134,0.13818631327819939,False,False,3.8
B,99,ARG,1.5111604413222863,0.4923617287492119,False,True,-4.5
B,100,ASP,0.43313479490221285,0.04441280928757391,False,False,-3.5
B,101,TYR,0.3286201124862248,0.06162758385139924,True,False,-1.3
B,102,GLU,1.1615672665024939,0.3532694172028799,False,True,-3.5
B,103,THR,0.7826130366600984,0.2821150202923634,False,True,-0.7
B,104,VAL,0.39607215297729587,0.0,False,False,4.2
B,105,VAL,0.625008946332585,0.17888503007519213,False,False,4.2
B,106,LYS,1.7850911673463523,0.5928512275949246,False,True,-3.9
B,107,VAL,1.3675267273286844,0.40692970199375733,False,True,4.2
B,108,LYS,1.0792429286139802,0.3555731241492609,False,True,-3.9
B,109,PRO,1.8652325098568336,0.374618840566872,False,True,-1.6
B,110,HIS,3.3912937452255583,0.7128764043848675,False,True,-3.2
B,111,ASP,1.346439382655431,0.1244592227757418,False,False,-3.5
B,112,LYS,2.0816777180364037,0.5530183886193953,False,True,-3.9
B,113,ASP,1.499357417229339,0.3296610880602699,False,True,-3.5
B,114,ALA,0.38540390207672154,0.008305883907462949,False,False,1.8
B,115,LYS,1.0123151160691897,0.2973597317622407,False,True,-3.9
B,116,MET,1.3620123184599704,0.5947605428911319,False,True,1.9
B,117,LYS,0.67695206755702,0.2578728407099381,False,True,-3.9
B,118,TYR,0.7319182153213384,0.21457225944736555,False,False,-1.3
B,119,GLN,1.229346356262271,0.44950471777976997,False,True,-3.5
B,120,GLU,1.027016174468382,0.4106747395239065,True,True,-3.5
B,121,CYS,0.4491077209700806,0.006415922299776769,False,False,2.5
B,122,ASN,1.1236749711512486,0.2261150840445742,False,False,-3.5
B,123,LYS,1.6701747858591816,0.5264557967546287,False,True,-3.9
B,124,ILE,0.9725487075636029,0.26290276191745793,True,True,4.5
B,125,VAL,0.8766897707902395,0.17497212225975547,False,False,4.2
B,126,LYS,1.6971010207081667,0.5973446102942208,False,True,-3.9
B,127,GLN,1.603498214510844,0.3993538406223363,True,True,-3.5
B,128,LYS,1.3779423955845602,0.3975698814951161,True,True,-3.9
B,129,ALA,1.3264331350006953,0.49496303679367076,False,True,1.8
B,130,PHE,2.1939044949269504,0.5585280499184613,False,True,2.8
B,131,GLU,2.030043763407713,0.5750589836709159,True,True,-3.5
B,132,ARG,2.8789079126877137,0.6250837451260901,True,True,-4.5
B,133,ALA,1.4947366587191036,0.41827047693423663,True,True,1.8
B,134,ILE,1.8899812483134983,0.34941527063083877,False,True,4.5
B,135,ALA,1.4286444864542,0.45026689186153745,True,True,1.8
B,136,GLY,1.4471678873422853,0.380399021477,True,True,-0.4
B,137,ASP,1.9323608207610081,0.4039485227169899,False,True,-3.5
B,138,GLU,2.118078986138042,0.4268026337058383,False,True,-3.5
B,139,HIS,2.3255347352928775,0.5272013221739779,True,True,-3.2
B,140,LYS,1.9330724966791095,0.5223989356921821,True,True,-3.9
B,141,ARG,2.004427540270053,0.44587748555470247,False,True,-4.5
B,142,SER,1.8489854107329995,0.37790595021150053,False,True,-0.8
B,143,VAL,2.1059382397156767,0.3739985889320591,True,True,4.2
B,144,VAL,2.177331079861129,0.42941888328013095,True,True,4.2
B,145,ASP,2.7197894022888334,0.6830323781514213,False,True,-3.5
B,146,SER,2.610028265612463,0.5714598384292823,False,True,-0.8
B,147,LEU,2.3526561970646003,0.4931636511628887,True,True,3.8
B,148,ASP,3.221216668091165,0.4383608449817625,False,True,-3.5
B,149,ILE,2.937901979605938,0.5483645830576568,True,True,4.5
B,150,GLU,4.131581348195815,0.7516404965151364,True,True,-3.5
B,151,SER,3.776506587603416,0.5144017056779523,False,True,-0.8
B,152,MET,3.007714589977804,0.580142880573585,True,True,1.9
B,153,THR,3.1224103231391314,0.715146306839639,True,True,-0.7
B,154,ILE,3.919066380302361,0.7077512610468394,True,True,4.5
B,155,GLU,3.7075049303198266,0.554783003806053,True,True,-3.5
B,156,ASP,4.198953380494618,0.6937520782820268,True,True,-3.5
B,157,GLU,4.0701030722396965,0.5933354454707146,True,True,-3.5
B,158,TYR,7.470547378442593,0.900812441426532,True,True,-1.3
B,159,SER,5.46798019935516,0.8609237533302816,True,True,-0.8
