Chain,Number,Type,CX,rASA,Surface,Hydrophobicity
A,1,LEU,0.8234134773363178,0.3088857660489237,True,3.8
A,2,LYS,1.2665245461114898,0.31473034300660224,True,-3.9
A,3,CYS,0.25678436970790525,0.0,False,2.5
A,4,ASN,0.5736529853439697,0.04945195495674094,False,-3.5
A,5,LYS,1.014497828908909,0.37951770438692495,True,-3.9
A,6,LEU,1.2102561056564527,0.4034614591584697,True,3.8
A,7,ILE,2.1166388551854287,0.5485892468003154,True,4.5
A,8,PRO,1.2784474279852833,0.3088317564887106,True,-1.6
A,9,ILE,2.5846984193497016,0.7510763433928339,True,4.5
A,10,ALA,1.122873634754567,0.24339793501579712,False,1.8
A,11,TYR,1.4653378998426208,0.4118971991169615,True,-1.3
A,12,LYS,0.8492248033553605,0.27959242788619704,True,-3.9
A,13,THR,1.6920877237165466,0.5864709823059628,True,-0.7
A,14,CYS,0.9826434037930682,0.12271790807885559,False,2.5
A,15,PRO,1.7736642796366344,0.4962803552542339,True,-1.6
A,16,GLU,4.233435987570621,0.8196358318263659,True,-3.5
A,17,GLY,1.8394216887067776,0.38517810888603016,True,-0.4
A,18,LYS,1.3018958670483607,0.31145238393291336,True,-3.9
A,19,ASN,1.496027420487046,0.5540712576942265,True,-3.5
A,20,LEU,0.6795111495936744,0.21028352020595556,False,3.8
A,21,CYS,0.27068423031637584,0.0,False,2.5
A,22,TYR,0.45645748631029814,0.0871070231226187,False,-1.3
A,23,LYS,0.5568299445677952,0.23334046316205412,False,-3.9
A,24,MET,0.5863923790290678,0.16889426505173982,False,1.9
A,25,MET,0.5609249285996993,0.07361985784474798,False,1.9
A,26,LEU,1.144995181895728,0.3004050288656508,True,3.8
A,27,ALA,1.233183751449649,0.3263180569450401,True,1.8
A,28,SER,2.2804388395838022,0.39187399812619295,True,-0.8
A,29,LYS,3.512955180904293,0.7039012564133456,True,-3.9
A,30,LYS,3.9507362139698756,0.6294208570080368,True,-3.9
A,31,MET,1.3944988184352605,0.4560795914875219,True,1.9
A,32,VAL,1.2782182884726885,0.3609003864027336,True,4.2
A,33,PRO,1.0147184946961665,0.26817425228816966,True,-1.6
A,34,VAL,1.2715370888460689,0.45248496208643246,True,4.2
A,35,LYS,1.2679676926114023,0.46244376979174534,True,-3.9
A,36,ARG,0.6290012749387498,0.16250844237289228,False,-4.5
A,37,GLY,0.21002608480400128,0.01161180976961458,False,-0.4
A,38,CYS,0.43469723502385005,0.09881749889535497,False,2.5
A,39,ILE,0.8113948664224888,0.1777726815490232,False,4.5
A,40,ASN,2.0915493673052694,0.5230933497278968,True,-3.5
A,41,VAL,1.9629926411461303,0.5537933809074184,True,4.2
A,42,CYS,1.2078635286191428,0.3957050026983158,True,2.5
A,43,PRO,1.075807760650969,0.23031106632310838,False,-1.6
A,44,LYS,3.210541817432607,0.747679616277785,True,-3.9
A,45,ASN,1.8372411733708698,0.3611902284632062,True,-3.5
A,46,SER,2.0300872391163023,0.3564049711636908,True,-0.8
A,47,ALA,2.4423932620995497,0.6074786175530664,True,1.8
A,48,LEU,2.370754724860569,0.5347209513808584,True,3.8
A,49,VAL,1.1637053936981459,0.2004887877768987,False,4.2
A,50,LYS,1.0848426252337147,0.2720592614342205,True,-3.9
A,51,TYR,0.8743863692982955,0.2404333723629481,False,-1.3
A,52,VAL,1.0076598017822826,0.4503429014403297,True,4.2
A,53,CYS,0.8648839053441635,0.24362686077106932,False,2.5
A,54,CYS,0.9200727858177101,0.23329805660334837,False,2.5
A,55,SER,1.5786979879027332,0.5313454701541249,True,-0.8
A,56,THR,2.32478927661908,0.5861890426303767,True,-0.7
A,57,ASP,1.4755924549119053,0.46142697168561164,True,-3.5
A,58,ARG,1.069183915403091,0.37364438207003936,True,-4.5
A,59,CYS,0.9062353962120536,0.3491202628672346,True,2.5
A,60,ASN,0.5504229242656714,0.07492211934718639,False,-3.5
B,1,LEU,0.7715499382259907,0.25300918029477676,True,3.8
B,2,LYS,1.2873145918802231,0.3401173402509289,True,-3.9
B,3,CYS,0.24504012429904973,0.0,False,2.5
B,4,ASN,0.5724314819079543,0.05047331089452033,False,-3.5
B,5,LYS,1.0513948816663496,0.4051895748633992,True,-3.9
B,6,LEU,1.2071427469166518,0.3922328130816003,True,3.8
B,7,ILE,2.0537071512025147,0.5717271883242001,True,4.5
B,8,PRO,1.196604403222994,0.3171707684148884,True,-1.6
B,9,ILE,2.590917572237418,0.7591677465061314,True,4.5
B,10,ALA,1.1491290188815857,0.28084377117207354,True,1.8
B,11,TYR,1.4832543110255678,0.4056000140128617,True,-1.3
B,12,LYS,0.8869733582167962,0.3376147155946794,True,-3.9
B,13,THR,1.7354780743324196,0.6383993901212683,True,-0.7
B,14,CYS,1.011636192784288,0.16202882626061318,False,2.5
B,15,PRO,1.8709441320414855,0.4405184687441204,True,-1.6
B,16,GLU,5.172835842620852,0.8449610695663788,True,-3.5
B,17,GLY,1.808741644829758,0.4329427627607227,True,-0.4
B,18,LYS,1.2491434679207076,0.2972730983512679,True,-3.9
B,19,ASN,1.4291969991622797,0.47011475563335675,True,-3.5
B,20,LEU,0.6829339120968164,0.16822681616476445,False,3.8
B,21,CYS,0.24150898626805625,0.0,False,2.5
B,22,TYR,0.44262791709687055,0.1008822499215531,False,-1.3
B,23,LYS,0.49102423800687744,0.22088857431388506,False,-3.9
B,24,MET,0.5370217950117069,0.16889426505173982,False,1.9
B,25,MET,0.5507556079564274,0.10526018385590231,False,1.9
B,26,LEU,1.0781246988039639,0.3364536323295289,True,3.8
B,27,ALA,1.1975262011397911,0.24945395151466132,False,1.8
B,28,SER,2.2500202172612305,0.5708668678830021,True,-0.8
B,29,LYS,3.337017424241301,0.5962879702159525,True,-3.9
B,30,LYS,3.348906117023344,0.5982137132652698,True,-3.9
B,31,MET,1.127633622567592,0.33144077384729503,True,1.9
B,32,VAL,1.4080088616081148,0.3747811704951465,True,4.2
B,33,PRO,1.0042234924391358,0.2715998923379104,True,-1.6
B,34,VAL,1.134401569352041,0.34524875514098696,True,4.2
B,35,LYS,1.2327135904736284,0.42952360609544216,True,-3.9
B,36,ARG,0.5868460708102312,0.16242767821722845,False,-4.5
B,37,GLY,0.19132822357915302,0.01161180976961458,False,-0.4
B,38,CYS,0.39993639945053533,0.09705421887974851,False,2.5
B,39,ILE,0.7366061029428961,0.15938240414740013,False,4.5
B,40,ASN,1.8196090933448157,0.41206527655982866,True,-3.5
B,41,VAL,1.6911055942145734,0.45112548300341704,True,4.2
B,42,CYS,1.0757867119645408,0.29542032359793824,True,2.5
B,43,PRO,1.0225736301787356,0.20164330229666014,False,-1.6
B,44,LYS,2.6076930744356295,0.669574937144229,True,-3.9
B,45,ASN,1.7397875538108234,0.43861331333435494,True,-3.5
B,46,SER,2.0317308219775656,0.32172632837615234,True,-0.8
B,47,ALA,2.5098814686724644,0.7226725887003832,True,1.8
B,48,LEU,2.1436718032346134,0.5347209513808585,True,3.8
B,49,VAL,1.2112864666026737,0.19433097729377963,False,4.2
B,50,LYS,0.9701804275147858,0.2264888625739072,False,-3.9
B,51,TYR,0.8369591087612145,0.1991757319347945,False,-1.3
B,52,VAL,0.9381581150065913,0.3870967914613846,True,4.2
B,53,CYS,0.7915187000485474,0.23381688968949213,False,2.5
B,54,CYS,0.8272970740338402,0.2125522579304213,False,2.5
B,55,SER,1.5886824412637932,0.478652570260788,True,-0.8
B,56,THR,2.1660567983143166,0.5596880282105786,True,-0.7
B,57,ASP,1.526101900805601,0.4570571302482431,True,-3.5
B,58,ARG,1.0989558622965,0.3457059922196662,True,-4.5
B,59,CYS,0.8576563047065798,0.3298724959679043,True,2.5
B,60,ASN,0.5317919342484486,0.06253618892626417,False,-3.5
